,method,rmse-mean,mae-mean,nll-mean,ce-mean,rmse-std,mae-std,nll-std,ce-std
0,ChemBERTa-none,0.01463982323666034,0.009162811876839176,-2.410438885224455,0.05468098468923863,0.0003906028584922426,0.00020711170059816618,0.06975073340662802,0.00024201428473635486
1,ChemBERTa-MCDropout,0.0141243156046389,0.00879945462693723,-3.15009699214205,0.051330502233478105,0.00017581403337461,6.606707697503346e-05,0.10944337695598758,0.0005123983267370345
2,ChemBERTa-SWAG,0.014769425266407635,0.009248593410977805,-2.1703424856974505,0.05534664039908178,0.0003307684836662406,0.00017048812646372127,0.020473298825404104,6.222774760584617e-05
3,ChemBERTa-BBP,0.014434232490471384,0.009280173126370353,-2.5932228772183525,0.05398883172630575,5.573635632294188e-05,5.190139790842505e-05,0.06648759520572897,0.0001636957591582558
4,ChemBERTa-SGLD,0.015304394616386557,0.010120923709076711,-3.7586001510982783,0.03378180509774991,0.00010775311012517837,0.00017602728579525203,0.010639401640746275,0.0007387883446633396
5,ChemBERTa-DeepEnsembles,0.013972815840141211,0.008681769462745995,-2.876649183418617,0.054254384223868156,,,,
