,method,roc-auc-mean,prc-auc-mean,ece-mean,mce-mean,nll-mean,brier-mean,roc-auc-std,prc-auc-std,ece-std,mce-std,nll-std,brier-std
0,ChemBERTa-none,0.7406603652263374,0.7727126890863012,0.2259313464164734,0.4934406876564026,1.0305619835853577,0.2559366456625438,0.010116541317032783,0.011058255932939982,0.02059261990811052,0.07527722639905468,0.10024842734900086,0.009018880221167248
1,ChemBERTa-MCDropout,0.7451131687242798,0.7797848714976116,0.20821796357631683,0.4677615165710449,0.8814367055892944,0.24180826032124067,0.006666653518807198,0.015560378505472101,0.0035112468329071994,0.06912359388958145,0.029191982428277582,0.003188484717018059
2,ChemBERTa-TemperatureScaling,0.7406603652263374,0.7727126890863012,0.21065128842989603,0.4414135317007701,0.853912870089213,0.24526047046054653,0.010116541317032783,0.011058255932939982,0.01959291753014453,0.06356473539269328,0.026587080967869003,0.006408121610700199
3,ChemBERTa-SWAG,0.7407889660493826,0.7664532779840094,0.23726352055867514,0.4262551963329315,1.1435297727584839,0.26287123328217127,0.011184945227102106,0.011596547392649538,0.020236597806193236,0.022653613398695104,0.0809828993227311,0.010884626065507908
4,ChemBERTa-BBP,0.7245048868312757,0.749224046623015,0.24153624971707663,0.7133776346842448,0.9653175473213196,0.26520779744548784,0.011191689351921967,0.003078856497584802,0.029302002685443033,0.05572474666197881,0.10621875485891098,0.01201275965057938
5,ChemBERTa-SGLD,0.7358699845679012,0.7623462397734068,0.2397832622130712,0.4702046910921733,1.0691925287246704,0.2579556715658831,0.010442830272974222,0.009638808026414094,0.02563056394123101,0.0307043146744119,0.19397019796041162,0.005566910809283827
6,ChemBERTa-DeepEnsembles,0.7399209104938271,0.7694115136870618,0.22900082170963287,0.42455005645751953,0.9671628475189209,0.25057710145464396,,,,,,
7,ChemBERTa-FocalLoss,0.7410140174897121,0.7636682042407044,0.1639245649178823,0.32457877198855084,0.6994636654853821,0.2312964691727386,0.012198704913901518,0.02013673941863916,0.01176239734661873,0.018939299588507694,0.024574446703607766,0.008679354327846127
