,method,rmse-mean,mae-mean,nll-mean,ce-mean,rmse-std,mae-std,nll-std,ce-std
0,ChemBERTa-none,0.7553407108365061,0.5910054961805115,1.2368290166187397,0.036163535410418036,0.00744050254675195,0.00648515291306051,0.3993820813205048,0.003209021779917334
1,ChemBERTa-MCDropout,0.7142015107434102,0.560095964554622,0.817816136790413,0.03486106639752479,0.006251265050527548,0.002855221165876397,0.27011227310311253,0.003282703459990631
2,ChemBERTa-SWAG,0.767240292205784,0.5992078966578475,1.580885772768909,0.03950506925224374,0.010092043709654663,0.00797214958776259,0.4168347280572149,0.0021186253994924455
3,ChemBERTa-BBP,0.7542086732574291,0.586894390716434,0.44185092379439844,0.027881575478847575,0.004961247342343925,0.00866439408516098,0.07749646402698128,0.0023213171004292884
4,ChemBERTa-SGLD,0.7621890398564656,0.5981946149205137,0.8719490211461588,0.035513367422262965,0.004503377933169878,0.0070164592122664415,0.1358943044932495,0.002014709495537257
5,ChemBERTa-DeepEnsembles,0.7367383511853387,0.5762809716192585,0.9755684870400168,0.03600776228242023,,,,
