,method,rmse-mean,mae-mean,nll-mean,ce-mean,rmse-std,mae-std,nll-std,ce-std
0,DNN-rdkit-none,0.03563494860421972,0.020946531234134206,-0.7810859083196258,0.028248790285728572,0.00038128752411062085,7.663433652768664e-05,2.1739662733736487,0.0007697039979504126
1,DNN-rdkit-MCDropout,0.03516265784509509,0.020890252110106172,-2.7715536684321234,0.0267497051419807,0.0002356400286885092,0.00017353227102727753,0.19215875205846195,0.00012312882469855558
2,DNN-rdkit-SWAG,0.03596212947496375,0.021182606305743003,-0.714278675310311,0.028885479030685265,0.00017427683427113753,5.332658102571443e-05,1.580759953528261,0.000514712718479299
3,DNN-rdkit-BBP,0.03696812442052575,0.021440320754655646,-0.9806792326723649,0.026909383634740835,0.0001730375626187182,9.874644019529058e-05,0.5484817935744594,0.00041863395980909366
4,DNN-rdkit-SGLD,0.04455206976303345,0.02939230261747955,-2.705266346210239,0.012065130210671654,0.0008237066447228864,0.0005266234630499941,0.018376255297342294,8.418678041454065e-05
5,DNN-rdkit-DeepEnsembles,0.034524028628855605,0.020195806865082752,-3.011801434205841,0.027945323849258335,,,,
