,method,rmse-mean,mae-mean,nll-mean,ce-mean,rmse-std,mae-std,nll-std,ce-std
0,DNN-rdkit-none,0.015106153971657132,0.010118592361762175,-3.3798298532852176,0.04419393897627586,0.00012250165905349725,6.660148014025764e-05,0.059152271946282954,0.00028636468012355773
1,DNN-rdkit-MCDropout,0.01479935513689099,0.00999692037438544,-3.5268971972563636,0.043272057342445554,0.0001189822839773127,5.0307820089157666e-05,0.025767857140366963,0.0002558298639782135
2,DNN-rdkit-SWAG,0.015240948000399214,0.010194278295658853,-3.2845162694232157,0.04494558932289283,0.00020457495285713462,0.00012546032468206846,0.0814311894836412,0.0003294076117929292
3,DNN-rdkit-BBP,0.015337375284957681,0.010251514652535413,-3.347005446853555,0.044523176376690086,0.00017864357516466013,0.00012679682570675556,0.027964036746712925,0.0003583870832987169
4,DNN-rdkit-SGLD,0.019584008171378134,0.014367989214063426,-3.3351736550471975,0.007018744250649409,0.0002504033524595938,0.0001550502452487967,0.0051985976391131184,0.00032230324269343606
5,DNN-rdkit-DeepEnsembles,0.014296602139852482,0.009556107300266353,-3.6022743757960143,0.04361697524678488,,,,
