,method,rmse-mean,mae-mean,nll-mean,ce-mean,rmse-std,mae-std,nll-std,ce-std
0,GIN-none,1.062732794316249,0.2336095497418945,-2.7360155983998715,0.009181818224058289,1.3735260155915836,0.27375249744496283,0.21999258731440408,0.000398355308568751
1,GIN-MCDropout,1.062732370213616,0.23360948660506634,-2.7360156014776185,0.009181817640413016,1.3735254179028948,0.27375240815856633,0.2199925853441223,0.0003983545800619325
2,GIN-SWAG,62.833154124951186,13.876470710211835,18.603595516872332,0.10903549768163844,59.1039162574518,13.079639332295809,24.103298293234456,0.055661561545406135
3,GIN-BBP,1.0895777477388118,0.2610602893828475,-1.3438674674490947,0.02793731278135925,0.4177625893042106,0.06835717821938721,0.08252383469800414,0.006809112726218206
4,GIN-SGLD,0.17822979717163387,0.17293942041974755,20003.209216239928,0.325,0.0,0.0,0.0,0.0
5,GIN-DeepEnsembles,1.0337360382616305,0.229371676034265,-2.6092095145422736,0.005748300354048728,,,,
