,method,rmse-mean,mae-mean,nll-mean,ce-mean,rmse-std,mae-std,nll-std,ce-std
0,GIN-none,5622.3043133725805,744.9580902095173,1.7810134127849555,0.004330284878999142,4105.2524988338655,556.6483921751619,0.49432742819364317,0.002529211025345493
1,GIN-MCDropout,5622.318439545768,744.9600507649872,1.7810176577672137,0.004330291462535873,4105.271622143818,556.6510253668755,0.49433533005002284,0.0025292024342043074
2,GIN-SWAG,17962.039905097387,2221.91037288915,5.935100623994223,0.12208953038539282,6914.362334425326,808.8184084741438,1.3762372568495616,0.1115640983611438
3,GIN-BBP,1327.491595323987,159.18770702434105,24.95032125334382,0.13102422507256603,603.1739825835391,67.41232493921507,20.05488192630261,0.1322408691944861
4,GIN-SGLD,2.6074880723828917,2.392690476190476,3399490.1160542457,0.325,0.0,0.0,4.656612873077393e-10,0.0
5,GIN-DeepEnsembles,1397.4903099605856,200.94830213016536,1.3389351841314254,0.013152616029802933,,,,
