,method,roc-auc-mean,prc-auc-mean,nll-mean,brier-mean,roc-auc-std,prc-auc-std,nll-std,brier-std
0,GIN-none,0.5467801022906518,0.0036371533901669788,0.040236492206652964,0.0025261751550226465,0.008860962110802456,0.000198450064683576,0.02222788073657955,4.160152397025426e-06
1,GIN-MCDropout,0.5467770589709909,0.0036375456666467468,0.04023649179273181,0.002526175155372951,0.008852375131992612,0.00019866069710931415,0.022227879971920793,4.160152808024955e-06
2,GIN-TemperatureScaling,0.5467612780921707,0.0036368462594227775,0.035826584324240685,0.0025925305339946133,0.008842513664729297,0.00019827068584151735,0.009831067590267736,6.70133967444738e-05
3,GIN-SWAG,0.5499779836535769,0.0036939421652713283,0.021364804253809978,0.002627609418621791,0.007688220452077191,0.0004016667528944264,0.0016798481655188695,7.595489448559053e-05
4,GIN-BBP,0.5289887863834389,0.003592717464388655,0.02219950238035785,0.002539512471405115,0.016573701795205186,0.00022720259848959233,0.002033206710954949,1.3671247270074711e-05
5,GIN-SGLD,0.5285758208776361,0.0033077360820614626,0.3485259536239836,0.08890950332581503,0.014403183624333236,0.00018096213105845479,0.03286598716356963,0.013495138216128775
6,GIN-DeepEnsembles,0.5511534910600605,0.0037988293475626645,0.024017309273282685,0.002521481913974624,,,,
7,GIN-FocalLoss,0.5444213838968577,0.004082522138717528,0.12043332894229226,0.006345802235221396,0.0053289384624553675,0.0003902657515287826,0.08788477792364519,0.0006703242366986745
