,method,roc-auc-mean,prc-auc-mean,ece-mean,mce-mean,nll-mean,brier-mean,roc-auc-std,prc-auc-std,ece-std,mce-std,nll-std,brier-std
0,GIN-none,0.6436631944444445,0.68836883833345,0.24315844476222992,0.5700751543045044,2.0976053873697915,0.29511585503288046,0.0025727196505302983,0.0012906731273230375,0.01623650269821556,0.10782999893384922,0.0939848891261357,0.00586314830952519
1,GIN-MCDropout,0.6436471193415638,0.6883434104251479,0.24315844972928366,0.5700751344362894,2.0976053873697915,0.29511585767373977,0.002604861177267322,0.001268876668998674,0.016236518213572432,0.1078300116642174,0.09398473678756668,0.005863151000983989
2,GIN-TemperatureScaling,0.6436471193415638,0.6883627334031516,0.21056432028611502,0.5308829545974731,1.871413230895996,0.2752996996333005,0.0025667867356239478,0.0012998080654069504,0.00812103824387513,0.08251913618078682,0.07741366092792512,0.004468226020367258
3,GIN-SWAG,0.6125578703703703,0.6574787863236162,0.31689467032750446,0.6300466656684875,1.878684679667155,0.3411146183834976,0.01460030013292352,0.019430080576985493,0.04864323137528087,0.10099350548362104,0.2737756186986063,0.030691931804709707
4,GIN-BBP,0.6307388117283951,0.6759007036705279,0.21335312724113464,0.48315586646397907,0.8707175254821777,0.28429903075330243,0.0018159886558413339,0.006281822407282122,0.016473240840721933,0.018001158063371672,0.005703538369209265,0.007648392280458622
5,GIN-SGLD,0.5011574074074074,0.5549766201072535,0.22811006009578705,0.32222266991933185,0.8153460621833801,0.2999829223530994,0.020061882962763216,0.010996987182244821,0.018428095889450248,0.07866787050548692,0.02462866812687872,0.008083311324104331
6,GIN-DeepEnsembles,0.6333429783950617,0.6609957727093366,0.23107405006885529,0.4820711612701416,0.885888934135437,0.2809001485447377,,,,,,
7,GIN-FocalLoss,0.6591274434156379,0.7027430142183876,,,1.8425885438919067,0.2707260887567898,0.003441799280803353,0.007342981382908859,,,0.3583221994486455,0.0054460626075841295
