,method,rmse-mean,mae-mean,nll-mean,ce-mean,rmse-std,mae-std,nll-std,ce-std
0,GIN-none,2.200867762946054,1.729175102111802,1.318197327442136,0.014161056206568034,0.2749614889716377,0.2872661781753441,0.09809781421359919,0.00393671455955165
1,GIN-MCDropout,2.200867598993614,1.7291749210318221,1.3181972794176724,0.014161056206568034,0.27496166962242974,0.28726628698629425,0.09809796282508158,0.00393671455955165
2,GIN-SWAG,2.32315248237336,1.8154314045214697,1.5179395408468508,0.019822843811675477,0.08176189593197404,0.11091878202427154,0.10442896919124159,0.010636234481508414
3,GIN-BBP,3.1290310854430374,2.489699379417465,1.8594391136034425,0.009175283066038403,0.6023688397245397,0.5110524562441429,0.23477509660120535,0.004764048661482706
4,GIN-SGLD,2.7562708417623063,2.2124574836512143,1.6045593336534647,0.011606615695430587,0.6927397624100861,0.6420906161349768,0.20012548621670903,0.009323956144272836
5,GIN-DeepEnsembles,2.008778729109451,1.5676403945792485,1.5171276019332467,0.000491845892171696,,,,
