,method,roc-auc-mean,prc-auc-mean,nll-mean,brier-mean,roc-auc-std,prc-auc-std,nll-std,brier-std
0,GIN-none,0.5437722191339585,0.6076525378785627,3.686621573972113,0.221450092842006,0.009770048854746048,0.003775787920951048,0.8508855376092344,0.013046585326910266
1,GIN-MCDropout,0.5503493146688722,0.6082101738068176,2.6579776454119037,0.20958657537885048,0.006480013700069152,0.001698892439499097,0.5337209987005708,0.010845569536557
2,GIN-TemperatureScaling,0.5438998002808167,0.6072585117136509,3.264980154272951,0.2155081425063965,0.009801821118219424,0.0041953274004328895,0.7748112883181326,0.011269874570156645
3,GIN-SWAG,0.5519076533024528,0.6021963521781566,0.7355884033956644,0.17065899270515109,0.01082760999152909,0.008592069484787959,0.0937714021571459,0.0006681427524473149
4,GIN-BBP,0.538345183984576,0.5908336198315493,0.6234552777475781,0.19154857838045672,0.015305392400532199,0.011202322871733264,0.012295581151664563,0.007958382788425634
5,GIN-SGLD,0.5399759714786442,0.5926107972800655,0.5296724346684821,0.17458218714161666,0.005055000263490708,0.0041622435623887965,0.004691326565988543,0.001920944186974092
6,GIN-DeepEnsembles,0.5629139540980497,0.6053643117504396,0.5499682845892729,0.17072431696747192,,,,
7,GIN-FocalLoss,0.5441014076559473,0.6058319226636267,2.4750025938322513,0.2294189348171584,0.004998897419872272,0.0022966106376820393,0.10928105310087827,0.005609816573736893
