,method,rmse-mean,mae-mean,nll-mean,ce-mean,rmse-std,mae-std,nll-std,ce-std
0,GIN-none,0.0344230960238101,0.02063142811939613,-3.3710871848557775,0.027143095570082945,0.00035689456694733366,0.0003101091832263629,0.09592292166162308,0.0008215500948875073
1,GIN-MCDropout,0.034423096031095675,0.020631428091909477,-3.3710871688947672,0.02714309649716849,0.00035689452588326127,0.00031010920811206863,0.09592293234942803,0.000821550156685878
2,GIN-SWAG,0.03521753001305885,0.021468289782404993,-3.3090781154690663,0.027732651167188677,0.0005332844866927064,0.0003658968770771284,0.0568633682175294,0.0003489504771323586
3,GIN-BBP,0.0351756651564819,0.021961371936010807,-3.2993612369724388,0.02379743199850252,0.00028115443351745727,8.876131438514217e-05,0.02964634924803602,0.0007417118740008726
4,GIN-SGLD,0.042848210329562035,0.028983389659922226,-2.8865951089520014,0.018871281092324044,0.001116667219271725,0.0009050201885393356,0.019075119589818137,0.0016435156681835004
5,GIN-DeepEnsembles,0.03411525408762866,0.0204962268018886,-3.49059335922423,0.027067749499381243,,,,
