,method,rmse-mean,mae-mean,nll-mean,ce-mean,rmse-std,mae-std,nll-std,ce-std
0,GIN-none,0.9346935654194821,0.3300909054905872,22.14684355762742,0.09660967516766705,0.4304427156439128,0.16946739961049748,32.00826114298597,0.07191729873907315
1,GIN-MCDropout,0.9346935667264283,0.3300909061475823,22.146838376141858,0.09660967629325475,0.4304427209109616,0.1694673996303319,32.008254025577024,0.07191730383697903
2,GIN-SWAG,88.58068431707659,18.31140400667632,381.2592268423161,0.04685903544458617,119.22510660906704,24.410856730060033,539.2512916486917,0.03019459206645857
3,GIN-BBP,0.3974402766225453,0.12112391782587749,-2.049454888435902,0.023141706143386728,0.15575251443496915,0.03463760106647092,0.12797250912019753,0.0039055574354231355
4,GIN-SGLD,0.15302057738849903,0.1321927601384427,14887.111443469219,0.32500000000000007,0.0,0.0,0.0,0.0
5,GIN-DeepEnsembles,0.7859153931065661,0.2734550723365682,-1.1695039683148063,0.09567887994630764,,,,
