,method,rmse-mean,mae-mean,nll-mean,ce-mean,rmse-std,mae-std,nll-std,ce-std
0,GIN-none,0.013208484100317587,0.008378588740669183,-3.428622670164375,0.049716098636607316,0.00011333547893820776,5.401239034235065e-05,0.038861059980242224,0.00027855846016040206
1,GIN-MCDropout,0.013208484094786423,0.008378588745870358,-3.4286226744061867,0.049716097804358095,0.00011333548379644239,5.4012411226729844e-05,0.038861055628219746,0.0002785595715678774
2,GIN-SWAG,0.013559643893250104,0.008822062652799022,-3.3355008493301948,0.04945706701680461,2.7569786073528687e-05,5.688634333299624e-05,0.058920323113425405,0.0005412135880226913
3,GIN-BBP,0.013127365325880292,0.008374423112086705,-3.3468848090586714,0.04985252267436819,2.400276234128765e-06,2.2462956269584676e-05,0.06497263352116438,0.00034710813329949416
4,GIN-SGLD,0.016090813599422427,0.011505486238955082,-3.5925279600040576,0.02112167132513669,0.00028856352396337777,0.0003608935962177043,0.019792639617113715,0.0031395250563499228
5,GIN-DeepEnsembles,0.012951856712470228,0.008144207651246141,-3.5206888595582035,0.04997246578301953,,,,
