,method,rmse-mean,mae-mean,nll-mean,ce-mean,rmse-std,mae-std,nll-std,ce-std
0,GIN-none,3382.5596325339793,502.0476991377914,1.7866495386817025,0.009833914585659739,2638.6922266312718,328.8488053476277,0.537408320957822,0.00655916794805582
1,GIN-MCDropout,3382.5596698431086,502.04726006725974,1.7866488063023025,0.009833914585659739,2638.692624528852,328.84919230088184,0.5374081608661219,0.00655916794805582
2,GIN-SWAG,4497.960217572579,806.8049277068012,3.331818415775222,0.022897034798890176,1867.076219584827,362.4194838191319,0.46367309888421065,0.006662424565774923
3,GIN-BBP,687.4708370176959,117.84269782236332,3.59241900639006,0.005462010150470778,435.8209001475193,77.1267184132799,1.3284804218663762,0.005100314678618366
4,GIN-SGLD,521.8056209300603,102.25026823143382,6304873.08779111,0.22557877881197194,731.7940368081104,139.20631371014443,4458214.8797813505,0.14060283939180462
5,GIN-DeepEnsembles,2432.4158232304835,463.89522062572547,2.4731459594234138,0.014943171206942493,,,,
