,method,roc-auc-mean,prc-auc-mean,ece-mean,mce-mean,nll-mean,brier-mean,roc-auc-std,prc-auc-std,ece-std,mce-std,nll-std,brier-std
0,GIN-none,0.6282150205761318,0.6133053663696156,0.22767600417137146,0.43816959857940674,1.056587020556132,0.2920351301972322,0.002470759523770733,0.0024276683491032697,0.030198103834518472,0.04005639633878635,0.012979738755771896,0.007824984809560414
1,GIN-MCDropout,0.6281989454732512,0.613303340149041,0.22767599920431772,0.43816958864529926,1.056587020556132,0.2920351380988604,0.0024635324620555896,0.0024683838212626445,0.030198087884405016,0.04005641035781316,0.012979738755771896,0.007824985366915614
2,GIN-TemperatureScaling,0.6281185699588477,0.613248363696579,0.19871113697687784,0.46603580315907794,0.9091569185256958,0.2778362999709557,0.0024857744058741807,0.002462431895413887,0.01635669721170662,0.07524074722404915,0.016560290482503296,0.005096084977197488
3,GIN-SWAG,0.6066743827160495,0.5986785356866114,0.3161563575267792,0.6341646313667297,1.2222681840260823,0.3352605712492938,0.013131460204565924,0.01642620785294953,0.0020578810323604304,0.1283997994987647,0.02347956853483769,0.005553079676021995
4,GIN-BBP,0.6100180041152264,0.6043305975746927,0.27376333872477215,0.48909904559453327,1.1617081960042317,0.31191964651460863,0.009468986102326911,0.017905263920256525,0.005609952501205531,0.05634799387918761,0.05285442592320685,0.005803927404760243
5,GIN-SGLD,0.5577096193415638,0.547937057003999,0.34931429227193195,0.7189313769340515,1.40642245610555,0.3680680793560127,0.04974646228682413,0.03307781950632821,0.02172870039442385,0.12848504761156418,0.10059190241038138,0.021787384927544885
6,GIN-DeepEnsembles,0.6298225308641975,0.6154760340290066,0.2111879289150238,0.4020310044288635,0.9696293473243713,0.28018299650217926,,,,,,
7,GIN-FocalLoss,0.6233764146090535,0.6249474989292005,0.1549905240535736,0.4421309034029643,0.7581204374631246,0.26109578619628,0.008094991512554373,0.0026428986821790605,0.011642724599385479,0.054551508213200046,0.014309114704618354,0.004335171228743657
