,method,roc-auc-mean,prc-auc-mean,ece-mean,mce-mean,nll-mean,brier-mean,roc-auc-std,prc-auc-std,ece-std,mce-std,nll-std,brier-std
0,GIN-none,0.6159067244261212,0.6311482828928558,0.08998934940699442,0.5994027236729492,0.5384738717550113,0.16267646011507775,0.0016418288608547034,0.0009919642014346614,0.0020143213404033825,0.030778913896772387,0.00843181745163185,0.0009396416752398891
1,GIN-MCDropout,0.6159067244261212,0.6311482828928558,0.08998935281034605,0.599402395479473,0.5384738815051539,0.16267646145921252,0.0016418288608547034,0.0009919642014346614,0.0020143200990928034,0.030778686649420545,0.008431791489683226,0.0009396473203522427
2,GIN-TemperatureScaling,0.6159335628587567,0.631155560510171,0.09158429866771639,0.5746085075316606,0.5219374078291433,0.1624985382208868,0.0016627956065706532,0.0010362324654303965,0.0030932683810978526,0.02852196247702001,0.012454467553894951,0.0009476047547228884
3,GIN-SWAG,0.6054161020942277,0.6263237330072581,0.09593503757805368,0.58552495509754,0.5520469421221886,0.1642116586030391,0.003379609696753072,0.002460519992394155,0.004194224224539894,0.045520942062701325,0.0020961986512471335,0.0011177399933521015
4,GIN-BBP,0.5499214463347962,0.5992779527992068,0.14774604472849104,0.7519630153238038,0.566550475211791,0.18758556995412887,0.013220410331075443,0.0065316848787737745,0.007074076509993846,0.04605245538940769,0.007908134455884482,0.003734725425200326
5,GIN-SGLD,0.5791862536672167,0.6089331046222707,0.11208904847318742,0.5212862267170423,0.6446807073590196,0.17228725454892194,0.007449662225542595,0.0008456628341970352,0.0027529200084379984,0.035961081954025025,0.042072467798580516,0.001788460613156006
6,GIN-DeepEnsembles,0.6232104512619537,0.6369857984228668,0.08742902883225018,0.5308048360877566,0.5237897728328351,0.1584103201629821,,,,,,
7,GIN-FocalLoss,0.5892258161728119,0.616439916803881,0.18632093697418403,0.586610628866855,0.5764006541834937,0.19525952760891543,0.004578907277893318,0.0031442063570628824,0.0010566206407087721,0.03475336865523957,0.0034369792846038615,0.00127805382290612
