,method,rmse-mean,mae-mean,nll-mean,ce-mean,rmse-std,mae-std,nll-std,ce-std
0,GIN-none,549.3066235720003,142.13024197400514,2.65881068102988,0.03170151629906318,378.9755947626999,99.19183495357227,0.528714524362418,0.0195003932506198
1,GIN-MCDropout,549.303536027941,142.129706101706,2.658810366356206,0.03170151629906318,378.9725303633327,99.19116989788017,0.528714602443755,0.0195003932506198
2,GIN-SWAG,1737.0314880262586,411.98498989204865,3.587969424312124,0.02982814929203545,967.0008392395519,225.20403004360978,0.48954657278272107,0.014708423761863414
3,GIN-BBP,166.33170527729703,36.5897790597802,2.130605177033148,0.013949107757664878,105.47816259687983,21.063140793252987,0.25200288066420967,0.0030502279002613056
4,GIN-SGLD,64.51728212714345,18.224846477147516,15936573.7033872,0.22410373967199781,81.46269481769625,17.24981599143367,11268857.483352993,0.14268885974858714
5,GIN-DeepEnsembles,186.8981666681122,44.087582144086724,2.8396793388173682,0.021839282127450198,,,,
