,method,roc-auc-mean,prc-auc-mean,ece-mean,mce-mean,nll-mean,brier-mean,roc-auc-std,prc-auc-std,ece-std,mce-std,nll-std,brier-std
0,GROVER-none,0.830812032689967,0.8350357274677043,0.23042767743269602,0.5621549884478251,0.6921417713165283,0.23420141449397633,0.0012130324892167497,0.0024610969812505915,0.06578026267937151,0.05676574742012743,0.1114351153241357,0.03864756451948361
1,GROVER-MCDropout,0.8277980641047934,0.829695863519741,0.23656014104684195,0.48980026443799335,0.6898814638455709,0.23678800040121195,0.0010655988124296963,0.004708466426125549,0.06290940973189879,0.06236195805278574,0.10939795698401607,0.039356944444541735
2,GROVER-TemperatureScaling,0.8305222280183157,0.8347120141397085,0.20834549764792124,0.5359403888384501,0.6251253286997477,0.2183793068083414,0.0017174441998526275,0.0029793260433601527,0.05209992174326549,0.030506279455370475,0.06707421235881648,0.0283247294266533
3,GROVER-SWAG,0.8604300701327304,0.8640108963890594,0.2239042321840922,0.5219699641068777,0.6655867099761963,0.2148154927981407,0.004785902823472602,0.003157847507050277,0.0016071529269781463,0.04129282753344483,0.016934395069785276,0.002975732725948915
4,GROVER-BBP,0.8322030951138931,0.8231063455723172,0.2570284853378932,0.4309994677702586,0.7000601291656494,0.24500602190486787,0.009904707984901609,0.02394883830428919,0.03307782966310635,0.025783679087564786,0.0582541703268191,0.022773112207165765
5,GROVER-SGLD,0.8494174926099808,0.8599709942534807,0.22810325026512146,0.5194953878720602,0.676905890305837,0.22043026116146028,0.00283594269349678,0.0019847282572951464,0.0066499583130695435,0.06385337628923611,0.014445952527029786,0.003832648762384463
6,GROVER-DeepEnsembles,0.838810641627543,0.8411370645893497,0.22880318760871887,0.4528542160987854,0.6571269035339355,0.2252372572198514,,,,,,
7,GROVER-FocalLoss,0.8509244769025677,0.8575968466970932,0.2334236204624176,0.4846044381459554,0.6397251884142557,0.2280586089596981,0.007213284268755124,0.011973132570830821,0.030185770057963524,0.03498549566410841,0.030027043163093698,0.014124544577485906
