,method,rmse-mean,mae-mean,nll-mean,ce-mean,rmse-std,mae-std,nll-std,ce-std
0,GROVER-none,0.011484484197594727,0.006775353665766442,-0.7874164615365246,0.062062849082227416,4.9786936501692296e-05,4.462596342020156e-05,0.5322922544611481,0.0007602157367040066
1,GROVER-MCDropout,0.011398471703820011,0.006763792272992643,-1.100200645914754,0.06160775532260748,4.791568123834552e-05,3.9101097395145114e-05,0.5003097586292649,0.0007993590922609758
2,GROVER-SWAG,0.011555668271359657,0.0067792757047643445,-0.4778283679589597,0.06252254796593702,2.607550598570841e-05,4.690245457233918e-05,0.19228864933421005,0.0002415218088676775
3,GROVER-BBP,0.011792153126956077,0.006999290327404637,-1.885487637613551,0.05908566326017106,2.6353716968197895e-05,4.300044145979213e-05,0.11892412885328074,0.00038581481933298796
4,GROVER-SGLD,0.013588862985640597,0.00877964276901549,-3.7854982720573047,0.029112673342984702,0.000581868187614239,0.000302823186296878,0.04110817729646046,0.0017320281184169198
5,GROVER-DeepEnsembles,0.01142782147398764,0.0066666648412943815,-1.028618629375133,0.06198531602228085,,,,
