,method,rmse-mean,mae-mean,nll-mean,ce-mean,rmse-std,mae-std,nll-std,ce-std
0,TorchMD-NET-none,2.6435881880295495,1.9378581477831698,1.925089415948695,0.021884075880678908,0.09687046723749401,0.12356159636940647,0.27050351317662263,0.006036128408333638
1,TorchMD-NET-MCDropout,2.63596021297098,1.9475207514164101,1.839674169364411,0.021160389980939536,0.09861764789281974,0.12119571909805663,0.20500051396717178,0.005166056635120633
2,TorchMD-NET-SWAG,2.6996751800942285,1.8465507452132865,2.568142694052804,0.039854706178281386,0.10087415801312993,0.08634970244865955,0.48156414171938156,0.002571480545656351
3,TorchMD-NET-BBP,3.6709067534866278,2.785844415412681,1.8484394389641199,0.022711169138138924,0.7926718369234685,0.6062237215404923,0.2682332665280803,0.005534181593604342
4,TorchMD-NET-SGLD,2.7768931001962276,1.9696133510525635,1.558269935839368,0.015549727422439014,0.10544993297482634,0.17253034455062677,0.10311969113260794,0.002544276370331687
5,TorchMD-NET-DeepEnsembles,2.9346769899145344,2.082593163280657,1.6610019116600663,0.01376359260603804,,,,
