,method,rmse-mean,mae-mean,nll-mean,ce-mean,rmse-std,mae-std,nll-std,ce-std
0,TorchMD-NET-none,0.008740307439384087,0.004763916277297727,2.9335950138537914,0.06873097781764444,5.986862255013513e-05,2.159828966731888e-05,1.2929489092977695,0.0003835686146139973
1,TorchMD-NET-MCDropout,0.008747500981681427,0.004776928060463658,2.4752337001538707,0.06846330718098044,5.5959218139849036e-05,1.9615008508363188e-05,1.2741402716811532,0.00039138645263115074
2,TorchMD-NET-SWAG,0.00868626763775321,0.004765784005744687,-0.8504091938505307,0.06685690217587455,4.126207847789386e-05,1.5633138191471545e-05,0.21530654512839645,0.0001548751094581032
3,TorchMD-NET-BBP,0.008291448862608,0.004561479591035177,2.30462682558729,0.06876752429692144,0.00014666213695211465,9.972427014394282e-05,1.640077942070606,0.0008692938396352791
4,TorchMD-NET-SGLD,0.06692636434126127,0.0626599874665461,6665.2990606097455,0.11711555039343997,0.07870477659486806,0.07797997169522088,9431.326717980846,0.14700042647499295
5,TorchMD-NET-DeepEnsembles,0.008596157643062327,0.004638685386150519,2.261923565332529,0.06868118604118117,,,,
