,method,rmse-mean,mae-mean,nll-mean,ce-mean,rmse-std,mae-std,nll-std,ce-std
0,TorchMD-NET-none,0.008730989281683026,0.004759783022157641,3.6334225672953515,0.06895097937453873,7.152547630215594e-05,2.5465226892194825e-05,1.0189698275284893,0.00027474582447714613
1,TorchMD-NET-MCDropout,0.008739238090247247,0.004772266960006712,3.1524922762194825,0.06868420548228052,6.702480897157175e-05,2.2626207498507075e-05,1.0291319698252133,0.00028876782092716186
2,TorchMD-NET-SWAG,0.008699692856577436,0.004767544599494262,-0.7161072622213588,0.06695470320276704,4.4867908119711024e-05,1.8902207371556887e-05,0.12419475047162432,8.534826718105404e-05
3,TorchMD-NET-BBP,0.008272589128404801,0.004582555020760706,1.7970327400126542,0.06851567219144525,0.00017662843740574516,0.00011655416710382345,1.806053215431035,0.0009711947386304154
4,TorchMD-NET-SGLD,0.011274647926074983,0.007520270989945362,-3.6560172053453215,0.013173325590159962,0.000567598804780892,0.00038597800640944886,0.0469251197095617,0.0013152127500557767
5,TorchMD-NET-DeepEnsembles,0.008596157643062327,0.004638685386150519,2.261923565332529,0.06868118604118117,,,,
