,method,roc-auc-mean,prc-auc-mean,ece-mean,mce-mean,nll-mean,brier-mean,roc-auc-std,prc-auc-std,ece-std,mce-std,nll-std,brier-std
0,TorchMD-NET-none,0.7341882338248463,0.34607381732131065,0.07378450946675406,0.7406868446204397,0.45231393310758805,0.085652339223128,0.014335097067642903,0.004791879315855562,0.014633956568779524,0.01101331772541782,0.10833029952530651,0.004398946443255795
1,TorchMD-NET-MCDropout,0.7369453208223872,0.3473753116353801,0.06846875718070401,0.68368109398418,0.39133302453491425,0.0837436175299641,0.01435966566282207,0.0043002715839437315,0.01312019716491158,0.02036480093419081,0.07592036848106834,0.003308994200699974
2,TorchMD-NET-TemperatureScaling,0.7341904965398451,0.3461342938099215,0.051456131144530244,0.6562126220928298,0.29441160543097383,0.08009649849555976,0.014333457091508408,0.004724453212475829,0.004685126703426411,0.014448187572320617,0.011503621749032,0.0014444622976885141
3,TorchMD-NET-SWAG,0.7346537443864184,0.3579059961034567,0.07397061451855634,0.7027824305825764,0.4566653540564907,0.0831663987545599,0.009302783768982695,0.007493220324016506,0.003978467354228339,0.04477894099894584,0.057594943795016014,0.001849793402350174
4,TorchMD-NET-BBP,0.7458540474828815,0.35207353000041886,0.08077345850567023,0.7017055923740069,0.535502198462685,0.08882900189340132,0.006680596313954901,0.008875557471976853,0.0074561177752912045,0.04530804604291916,0.18301026957730449,0.0016105872265233037
5,TorchMD-NET-SGLD,0.7387037421967336,0.35436718458492256,0.04269678639765415,0.43687046650383204,0.27611739623049897,0.07571606706403859,0.00508103264899421,0.007431547038679006,0.0018682080870157727,0.039087352459077615,0.0029395658347647533,0.00042884010190552394
6,TorchMD-NET-DeepEnsembles,0.7792909486844949,0.40350740293954285,0.040922122076153755,0.6343029215931892,0.26140032211939496,0.0707593877300904,,,,,,
7,TorchMD-NET-FocalLoss,0.7402606528722439,0.34335014289798244,0.06389239047550493,0.7137172867854437,0.31015591861473185,0.08078743348430588,0.003154111963997548,0.00813133464291719,0.0044067070969408765,0.047973575900854375,0.014014981245469054,0.0027301985963435814
