,method,rmse-mean,mae-mean,nll-mean,ce-mean,rmse-std,mae-std,nll-std,ce-std
0,TorchMD-NET-none,0.8234981590198166,0.6462026691921793,4.333553269235259,0.04466884885340804,0.22182275017325861,0.18525266943148996,2.656699360600351,0.012671016969049527
1,TorchMD-NET-MCDropout,0.8887179610567023,0.7001038893709186,3.9796136295132656,0.04392712786030062,0.3142477288809831,0.2634796496611009,2.2502122635441615,0.012991408219817705
2,TorchMD-NET-SWAG,0.6818532166108556,0.5287867411229663,2.2934485675609673,0.039439012631978576,0.027074021290839426,0.02250822606519391,1.5338428222370644,0.014379480010078674
3,TorchMD-NET-BBP,2.8400186846393276,2.5087282335989944,1.6532563075143536,0.1008413884757335,2.2383235728797657,2.1496740689856697,0.9852501531897344,0.12189029209198965
4,TorchMD-NET-SGLD,0.8608308326423116,0.7001761918262835,0.9818462135908952,0.01834999693572645,0.0679058905582918,0.05024594881187779,0.4045464903435469,0.012843494547080479
5,TorchMD-NET-DeepEnsembles,1.0312753762764448,0.8196084200511193,0.8618973324884085,0.019546648964017317,,,,
