,method,rmse-mean,mae-mean,nll-mean,ce-mean,rmse-std,mae-std,nll-std,ce-std
0,TorchMD-NET-none,104.14674421007344,49.67433590842103,11.660597698236913,0.0619221041112464,0.31442432689385125,0.7443059280478583,0.7197864582058868,0.0003810915757433004
1,TorchMD-NET-MCDropout,104.12654831822083,49.82738485049271,10.864090951421787,0.06092448672214305,0.34148246709465774,0.5135529342849541,0.623313424125135,0.00030219045128409845
2,TorchMD-NET-SWAG,103.67533246881248,50.125862400627746,7.445582441426214,0.05801035308407471,0.6386697491144967,1.495187331619124,0.27184355300819985,0.0005242344425137736
3,TorchMD-NET-BBP,104.47706572973148,51.726782724225835,9.58902347129112,0.05679480194000369,0.4557864537760159,0.6869524243450308,0.40969758588208,0.0001722488176093394
4,TorchMD-NET-SGLD,112.74055120341552,69.45834626554945,5.129855013648558,0.02121339403802913,3.9319489301573785,2.887412058545556,0.0314463381724477,0.002243736813107645
5,TorchMD-NET-DeepEnsembles,102.05346996310415,48.22340172502838,10.629205134111936,0.06179009880581423,,,,
