,method,roc-auc-mean,prc-auc-mean,ece-mean,mce-mean,nll-mean,brier-mean,roc-auc-std,prc-auc-std,ece-std,mce-std,nll-std,brier-std
0,Uni-Mol-none,0.8080333854981742,0.7937114964687025,0.2419297049442927,0.5979024569193522,0.7927983601888021,0.25174183501772035,0.02657658951726538,0.027593305015758535,0.04087719390300653,0.18724232204655844,0.16394973732032073,0.03353745140362801
1,Uni-Mol-MCDropout,0.8268127282211791,0.8130524285581392,0.24832652509212494,0.6563229163487753,0.8064994017283121,0.25120730523965107,0.026927704434229035,0.01873248247790904,0.033268706788245,0.09380451239130999,0.1383297206761388,0.03306122967499422
2,Uni-Mol-TemperatureScaling,0.808670955775807,0.7947774626506906,0.21249469121297201,0.5327256520589193,0.6782469153404236,0.23521950517432821,0.027728840525412565,0.027553597124839693,0.02587123257854407,0.16010938034404898,0.06622118746046861,0.02119329784850652
3,Uni-Mol-SWAG,0.8193357676925751,0.814197156855058,0.2677394251028697,0.6978946725527445,0.9415343403816223,0.2625201937756025,0.010577830815928117,0.0094438763247206,0.007528198846571852,0.05821477822021669,0.0623059369452307,0.0057657000078513
4,Uni-Mol-BBP,0.8385787978902219,0.8141249827540783,0.2672666559616725,0.7611557642618815,0.8157931566238403,0.25877678127950593,0.013478129537469751,0.008190773272998067,0.04732157060278546,0.007007244768437891,0.1584499364566834,0.037469796769459086
5,Uni-Mol-SGLD,0.8699356633628934,0.8801024748432646,0.24369059999783835,0.6716321508089701,0.7353729208310446,0.2244368223418318,0.011804409890466596,0.016382973177171318,0.013071226187826725,0.03457923383632832,0.050244810353012787,0.015011183959806954
6,Uni-Mol-DeepEnsembles,0.8504607894279256,0.8223918937331038,0.21758204698562622,0.6999753713607788,0.63011234998703,0.21838727255322787,,,,,,
7,Uni-Mol-FocalLoss,0.8207847910508317,0.7968962331290834,0.24448947608470917,0.45562780896822613,0.6720682183901469,0.24061281251757202,0.025932968266096076,0.04287758047370365,0.02871840365046618,0.07769893202846197,0.04817654592470623,0.019752917914848355
