,method,rmse-mean,mae-mean,nll-mean,ce-mean,rmse-std,mae-std,nll-std,ce-std
0,Uni-Mol-none,0.009617126320136145,0.005378453523496422,0.014317971361965979,0.0663654511478492,0.00010323609088736123,5.4103943508704095e-05,0.4194813028886227,0.00027373991562688475
1,Uni-Mol-MCDropout,0.009706004984931906,0.0053480803118341755,2.777125327105429,0.06727341618699301,0.00013094317505703198,5.7509955214489275e-05,4.154260244033965,0.0015312160015352224
2,Uni-Mol-SWAG,0.009694316677094578,0.005414137237432719,-0.46244152384304243,0.06596755870159558,4.497695937203284e-05,3.7199790515914436e-06,0.06192251265908636,7.20938328208913e-05
3,Uni-Mol-BBP,0.009518257780307933,0.005444213749954356,-2.959456679908959,0.061792756779651486,0.00016581142210160018,4.6036308603831946e-05,0.12503854344207846,0.00032332095043199785
4,Uni-Mol-SGLD,0.009504142403864954,0.005463913947986312,-4.209263250330937,0.045932834819733266,6.760461225891498e-05,0.00010242661105216239,0.004879910177445913,0.00018629464094407932
5,Uni-Mol-DeepEnsembles,0.00947603266587982,0.005261259762850381,-0.3191626720821506,0.06628783105264054,,,,
