,method,rmse-mean,mae-mean,nll-mean,ce-mean,rmse-std,mae-std,nll-std,ce-std
0,Uni-Mol-none,11.77739370365793,9.475275369239208,2.974900798073176,0.030968492849548678,0.25612492601600245,0.4376788803712848,0.02074886433627462,0.00548615590802951
1,Uni-Mol-MCDropout,11.575559867669767,9.296872107319402,2.960548982910678,0.028414335771263188,0.21973766515543533,0.41630173165781265,0.022114708872542497,0.005057236176312323
2,Uni-Mol-SWAG,11.446324552115632,9.25922306468318,2.9413235794447594,0.027795021403144122,0.4630142805069764,0.4582174286357844,0.052723645988375575,0.0073338898378333545
3,Uni-Mol-BBP,12.508650719135291,10.21192208229718,3.196336051764876,0.015022317798127521,0.41510052919640167,0.5658833128566109,0.053542697726503184,0.006561270416610148
4,Uni-Mol-SGLD,10.292649456155651,8.168332493763122,2.9294419442109194,0.01346118762031412,0.2910430359005824,0.24764398818711375,0.007966766686013704,0.0034119501932916058
5,Uni-Mol-DeepEnsembles,10.785323482651465,8.632622528199656,2.879227051732996,0.025807120107702114,,,,
