,method,roc-auc-mean,prc-auc-mean,ece-mean,mce-mean,nll-mean,brier-mean,roc-auc-std,prc-auc-std,ece-std,mce-std,nll-std,brier-std
0,ChemBERTa-none,0.7680668482074456,0.3181829800156157,0.021440462519725163,0.44162511825561523,0.12471814453601837,0.029157090877615605,0.006076556885069088,0.015993109167672163,0.0033375807392846285,0.04581361842631076,0.005786690523462484,0.001887791941676867
1,ChemBERTa-MCDropout,0.7716905824111447,0.3494804089503269,0.00794828978056709,0.2376803457736969,0.11048160493373871,0.024699471542345624,0.004186386964739129,0.01302847409614088,0.0013533440999918002,0.06813779206323582,0.0010680861367138887,0.00048807427902250027
2,ChemBERTa-TemperatureScaling,0.7680668482074456,0.3181829800156157,0.022055706630150478,0.4461081027984619,0.12590439120928446,0.028931919415633958,0.006076556885069056,0.015993109167672163,0.003895120408241866,0.08432357797833687,0.006724051794985079,0.0018158722483188254
3,ChemBERTa-SWAG,0.7474033874736863,0.25233234196540194,0.02630837510029475,0.5196718275547028,0.13841731349627176,0.0318830931617791,0.012279033453263043,0.0027647997943106893,0.004451881763978114,0.08585346148758617,0.006259072885898943,0.0016656698377524887
4,ChemBERTa-BBP,0.7672447646085608,0.29297113472546576,0.02174726004401843,0.4011281182368596,0.12405635416507721,0.028901017415549946,0.0030575577627425985,0.03708840703257112,0.004325905311122766,0.15856909317356488,0.007101271173043811,0.0027144230410368056
5,ChemBERTa-SGLD,0.7223501161989739,0.22333834204162853,0.03738627955317497,0.5532903671264648,0.1601873536904653,0.03755786382776389,0.009492802573705671,0.016994846282983544,0.0010741961949283228,0.052350795979057126,0.010592745406942196,0.00018757896029273865
6,ChemBERTa-DeepEnsembles,0.7885474806388689,0.357282604842781,0.020547255873680115,0.360563188791275,0.11605677753686905,0.02668340604296198,,,,,,
7,ChemBERTa-FocalLoss,0.7508590998924918,0.24871320456290358,0.0651099147895972,0.36526456475257874,0.1598783234755198,0.03427894713933687,0.010558758464266755,0.03764446125539354,0.03507536212221676,0.16187827340183428,0.020453267618810035,0.0025164705101150446
