,method,rmse-mean,mae-mean,nll-mean,ce-mean,rmse-std,mae-std,nll-std,ce-std
0,GIN-none,122.43028552464517,76.23326119043864,5.24904130136007,0.01364533629365335,0.06897805460550598,1.0882396007612074,0.04999466697334929,0.0003353443035452309
1,GIN-MCDropout,122.43028668228995,76.23326362684058,5.249041330573004,0.01364533629365335,0.06897834716000655,1.0882391373410916,0.04999468406725438,0.0003353443035452309
2,GIN-SWAG,125.48103086508043,83.32066214392849,5.342264990370275,0.012929344923427927,0.9210071972897037,1.3397621406977047,0.06191283136671373,6.443317925519125e-05
3,GIN-BBP,125.24533049011488,85.27722099441651,5.334771509723758,0.007680964913004598,0.6326220866711418,1.4557295768985619,0.005936242449573314,0.0013836952283514388
4,GIN-SGLD,132.14311239976024,97.62699011015822,5.390994291376138,0.012592403102524677,6.927471856820465,11.096586200627502,0.04874925227453593,0.0010654465871298919
5,GIN-DeepEnsembles,118.05501035473527,71.21963390822224,5.1922389093882355,0.010536791568631552,,,,
