,method,rmse-mean,mae-mean,nll-mean,ce-mean,rmse-std,mae-std,nll-std,ce-std
0,GROVER-none,0.9355278227971172,0.7395742858265454,0.988805912193035,0.04511708268068972,0.025154165490738373,0.019257211053405963,0.03949327653437321,0.0006492952910423652
1,GROVER-MCDropout,0.9436576474337021,0.7490720636972753,1.0065465383487535,0.0449191976420393,0.024595083484122624,0.021636425969596352,0.03514109773516485,0.0006601889044355431
2,GROVER-SWAG,0.9442814135717054,0.7420215978719292,1.2995829059482296,0.04698508196947284,0.021863655741589223,0.018892025283284014,0.1883286679430018,0.0011247322514676959
3,GROVER-BBP,0.989172432288012,0.7821035781574536,0.5469985711351163,0.015312095032335478,0.04302111444520143,0.03270967298586312,0.03784586218111311,0.002772601700098941
4,GROVER-SGLD,0.995538618321353,0.794218191246971,0.4785928012783714,0.024275806890007894,0.010350394081241467,0.015326019446787364,0.014022944675585193,0.0008228759264878638
5,GROVER-DeepEnsembles,0.9109672696489295,0.7209322884014127,0.5853784832538448,0.039368127062173054,,,,
