,method,rmse-mean,mae-mean,nll-mean,ce-mean,rmse-std,mae-std,nll-std,ce-std
0,GROVER-none,2.1351963703113905,1.4770123921174,2.824387639321955,0.04278547780466186,0.019311937070080994,0.030332910176281824,0.8306772361315792,0.0033563415295653634
1,GROVER-MCDropout,2.0981431043720393,1.4660008955052735,2.657524314982855,0.041526783363647034,0.006914340557197093,0.023094937839443313,0.7926293817612113,0.003987017639583749
2,GROVER-SWAG,2.232065402017401,1.50406630457373,3.3020578664552613,0.0468776859869642,0.09018355520227928,0.04596577907178739,0.05303735594852956,0.0007608278030104054
3,GROVER-BBP,2.613302114206397,1.8287679055534838,1.4698748699272308,0.012606243085743839,0.06617907805024481,0.08433981537445535,0.059799507933373436,0.0014206292418242853
4,GROVER-SGLD,2.1117370055502587,1.3783967005464912,1.2790895871387529,0.023793421282978816,0.09853254118052089,0.045886522716283996,0.141076146050633,0.0020314275544319185
5,GROVER-DeepEnsembles,2.023770773131802,1.353872403825597,1.9474449139556096,0.03928802691929924,,,,
