,method,roc-auc-mean,prc-auc-mean,ece-mean,mce-mean,nll-mean,brier-mean,roc-auc-std,prc-auc-std,ece-std,mce-std,nll-std,brier-std
0,GROVER-none,0.707497427983539,0.7213541161495908,0.2901756167411804,0.5999646385510763,0.9457472562789917,0.2997633714002534,0.006068133095372443,0.004323481041560653,0.011141686068827738,0.08577983006767326,0.02340099241836073,0.0060044301072433035
1,GROVER-MCDropout,0.706565072016461,0.7265359250048822,0.29010982314745587,0.5809983412424723,0.9267260034879049,0.29963776237918355,0.007051383777651931,0.004219800343202124,0.014746806941773646,0.026140899287118494,0.028451808859290915,0.007139955312957718
2,GROVER-TemperatureScaling,0.7072402263374485,0.7211806243355743,0.2684784531593323,0.6948627432187399,0.8607195019721985,0.2865118395493598,0.0058622794856180585,0.00466125853382465,0.014684550022699798,0.104312867910953,0.025793294992300483,0.006871570212409625
3,GROVER-SWAG,0.7159850823045267,0.7247022810384071,0.331386923789978,0.7616728742917379,1.1104856729507446,0.32508834840559614,0.0032137343105966324,0.001586266313237595,0.0031816206155430523,0.05245499434185553,0.014246081856834746,0.002454610071603773
4,GROVER-BBP,0.6968235596707819,0.7253459057814616,0.2734999358654022,0.5433454314867655,0.9145660996437073,0.2986191701106937,0.015188309815789764,0.011244528409902888,0.020883270996637088,0.01731729279864298,0.03255624313466704,0.005523241640764352
5,GROVER-SGLD,0.7265625,0.7510788063761656,0.31268590688705444,0.5996546745300293,1.01869930823644,0.3148919988301357,0.003660890722433323,0.0100948501858951,0.006509807404780328,0.043482221214551316,0.02019848324320212,0.001916647951421325
6,GROVER-DeepEnsembles,0.7083333333333334,0.7404482575305437,0.2889735996723175,0.5809817910194397,0.9338299036026001,0.3028938505710438,,,,,,
7,GROVER-FocalLoss,0.71460262345679,0.7411456880627724,0.13402299582958221,0.5345012644926707,0.6505497694015503,0.22842501286683395,0.005933607692805584,0.010427735769918258,0.017744617633970325,0.23926097323700699,0.007001254793093278,0.003988987928485556
