,method,roc-auc-mean,prc-auc-mean,ece-mean,mce-mean,nll-mean,brier-mean,roc-auc-std,prc-auc-std,ece-std,mce-std,nll-std,brier-std
0,TorchMD-NET-none,0.8937797588016544,0.7165850083624048,0.05673993068436781,0.6481532504161199,0.19046417623758316,0.04697701574839793,0.017751016337043513,0.01745049613152184,0.00584761925077907,0.046457551508272237,0.00827903302837328,0.001405752823316397
1,TorchMD-NET-MCDropout,0.889753125036203,0.7220693013247953,0.05048034278055032,0.5636549790700277,0.17108175655206045,0.04598824431932941,0.019216559402068067,0.023859870315280054,0.00292450876904391,0.12065170929196843,0.005356518395433145,0.0012913225815543033
2,TorchMD-NET-TemperatureScaling,0.8937797588016544,0.7165850083624048,0.060816179340084396,0.7629261414210001,0.18692893783251444,0.048680642286504205,0.017751016337043513,0.017450496131521817,0.010017590439458485,0.1353889387883816,0.007602504664840498,0.0016128369092641053
3,TorchMD-NET-SWAG,0.8994798364207185,0.7670860566336036,0.05166088975965977,0.8097279667854309,0.1969003826379776,0.048630812325072124,0.018470252837272768,0.010526785119568558,0.008219404478288247,0.06035912532341019,0.006547251870270717,0.0027138665515200255
4,TorchMD-NET-BBP,0.8801260440922625,0.720107579235674,0.066684831554691,0.8440781633059183,0.2483399212360382,0.06098274333191553,0.02775426700066645,0.05722069439118494,0.013934072817541216,0.03284877775364685,0.04633637921789705,0.007715851274906581
5,TorchMD-NET-SGLD,0.8854973991821037,0.7082628090265529,0.04747371623913447,0.7163759370644888,0.17755465457836786,0.04746159311112641,0.017717814667839803,0.02373311350997278,0.004504768077099623,0.0955183886727956,0.012285248638543293,0.004511406562878485
6,TorchMD-NET-DeepEnsembles,0.8943923122371669,0.7227061160531436,0.05687214434146881,0.7658424079418182,0.18856389820575714,0.048452341553487994,,,,,,
7,TorchMD-NET-FocalLoss,0.8952403294755501,0.70375293076531,0.1259948474665483,0.7463164031505585,0.25818701833486557,0.06830518131657397,0.019481088375647385,0.010728594796109934,0.024223539726467097,0.16110110032238364,0.021848492019626672,0.005020097915127153
