,method,roc-auc-mean,prc-auc-mean,ece-mean,mce-mean,nll-mean,brier-mean,roc-auc-std,prc-auc-std,ece-std,mce-std,nll-std,brier-std
0,TorchMD-NET-none,0.7944995073320581,0.8069256646309108,0.2193052421013514,0.5704177220662435,1.1663334965705872,0.2271572129195997,0.02317237996149841,0.032661850242116784,0.03738966627030972,0.12564758552331784,0.6182113764197865,0.020112640875069816
1,TorchMD-NET-MCDropout,0.8018315655248361,0.8152627354653185,0.20173342525959015,0.7362220684687296,0.8454145193099976,0.21779008713172585,0.026027622001179824,0.03728845907032556,0.029670003633804523,0.06019748056056904,0.27674526893826196,0.01993025203016213
2,TorchMD-NET-TemperatureScaling,0.7945284877992232,0.8074169086406733,0.18077505131562552,0.4307587742805481,0.7151285409927368,0.20850854178131606,0.023131569148169693,0.03198058383894394,0.042474895945145925,0.05729674356390099,0.1719956347925291,0.018740552823657938
3,TorchMD-NET-SWAG,0.7457253810931433,0.7909125747618245,0.3287397126356761,0.7735554377237955,1.9159449736277263,0.3172097491037104,0.02080611865440931,0.030264255477031137,0.016429967015524568,0.023417403994551115,0.302619438411509,0.012214083491078562
4,TorchMD-NET-BBP,0.7638091926041848,0.778041698795635,0.31300026178359985,0.7923471530278524,2.882339358329773,0.3034797311474931,0.037411437212611275,0.012630051233585151,0.04570024446105854,0.12158606698743603,1.2928842051947802,0.04245262662349085
5,TorchMD-NET-SGLD,0.778705152727062,0.827761799480145,0.2792941729227702,0.6121525367101034,1.1648351550102234,0.2731148282071612,0.01728441321009989,0.023480055978982884,0.019903914465816724,0.08275618783365256,0.21350738568495978,0.022586726446435817
6,TorchMD-NET-DeepEnsembles,0.8169014084507042,0.8436825344097373,0.22203300893306732,0.6365981101989746,0.6702885031700134,0.21965858644351186,,,,,,
7,TorchMD-NET-FocalLoss,0.7602156146757085,0.7922790415672226,0.21406116584936777,0.47819676001866657,0.7327960133552551,0.24198268697877157,0.008853805444184237,0.020318139447592747,0.0248571301203702,0.06566361679514411,0.037594367245166536,0.020048834849872972
