,method,rmse-mean,mae-mean,nll-mean,ce-mean,rmse-std,mae-std,nll-std,ce-std
0,ChemBERTa-none,0.7759619070732929,0.5920399982725654,0.3767558711327375,0.046397646701658614,0.09212379978324547,0.046547329001899784,0.10704144953850782,0.004230888422360034
1,ChemBERTa-MCDropout,0.6919443299207896,0.5192307345724273,0.19078561210102718,0.044805096632940154,0.09465858847032915,0.0619083219817375,0.1298756458618842,0.004265851431155562
2,ChemBERTa-SWAG,0.7704211181790663,0.5920703740259522,0.40942018986166023,0.047451805383982026,0.07840267138279819,0.03503954713041797,0.11758110537338831,0.004621986924620467
3,ChemBERTa-BBP,0.7648275059701376,0.5923130671208661,0.2208028538264647,0.03256115207058194,0.03284209472437939,0.017631719333688206,0.028868103032396734,0.0021659103572511623
4,ChemBERTa-SGLD,0.7281610997599385,0.553875804117147,0.24552693640614054,0.04562015159972069,0.07638262064820486,0.028970990918944135,0.08354620393785421,0.002955071345881388
5,ChemBERTa-DeepEnsembles,0.7318469156810229,0.564075204032703,0.3072986206488441,0.047001597889610815,0.0777730434817714,0.041616888980722945,0.11074976372685942,0.00316378592579461
