,method,rmse-mean,mae-mean,nll-mean,ce-mean,rmse-std,mae-std,nll-std,ce-std
0,DNN-rdkit-none,1.1867292087894885,0.8581524523529095,0.726169488291947,0.025169617138325676,0.03687203358414609,0.05205758778721323,0.031058708758980123,0.0038275076306595835
1,DNN-rdkit-MCDropout,1.1892959060379822,0.8576497878174272,0.708535284437351,0.026335051293722208,0.07163089224696083,0.0282915877920788,0.027670442187600282,0.003841360773184541
2,DNN-rdkit-SWAG,1.118345220212771,0.7817394775055968,0.6025719206687769,0.030521947791645715,0.09601666473863851,0.060204830578349106,0.014447355659538018,0.004673124464871283
3,DNN-rdkit-BBP,1.8404965767111579,1.2685076800868709,1.2660786657391787,0.006004442200350496,0.2306056581867988,0.05333059646279309,0.04578105108585273,0.0012530064882376685
4,DNN-rdkit-SGLD,1.5394700648757293,1.085474771868768,1.2213708630021165,0.004497450393955198,0.1830181428099436,0.09254138644201582,0.039456376254196186,0.0020151826944221573
5,DNN-rdkit-DeepEnsembles,1.1689962578981403,0.8500397613629618,0.7443520558357122,0.024034616828124727,0.06295083793740844,0.023934915050483657,0.05020264108398197,0.0041517767785797435
