,method,roc-auc-mean,prc-auc-mean,ece-mean,mce-mean,nll-mean,brier-mean,roc-auc-std,prc-auc-std,ece-std,mce-std,nll-std,brier-std
0,GROVER-none,0.9300451017458355,0.9701279720871244,0.05507378031810125,0.5616513093312582,0.2746144284804662,0.07422309822420858,0.017174346628397487,0.011424283338257936,0.013775530978034634,0.08631090513002435,0.025639983016612126,0.007483798497425422
1,GROVER-MCDropout,0.9310982099661346,0.9703788477837154,0.05492425089081129,0.5744605859120687,0.27014659345149994,0.07423823344192336,0.017062697332878397,0.0120671357879812,0.01151989514234073,0.08900692514316386,0.024180574241168255,0.007209885174509753
2,GROVER-TemperatureScaling,0.9300039494824609,0.9700837994905612,0.05745229497551918,0.4622015953063965,0.26893355945746106,0.07396374339907665,0.01713486796412383,0.011421130144933386,0.018506862325507696,0.01801473559771773,0.02518447428227906,0.007439244031574542
3,GROVER-SWAG,0.9323780177331016,0.9707683374550428,0.06010196109612783,0.7040083010991415,0.2736257215340932,0.07409434384497776,0.02191316981020554,0.013545119422586878,0.01116055996434197,0.07347156449648556,0.030032779769616325,0.009684164076229665
4,GROVER-BBP,0.9195910083200439,0.9510815221091612,0.05488893513878187,0.471280703941981,0.2712070643901825,0.07508009169146009,0.02102477005770435,0.020293898717185375,0.010273571876109912,0.1101471307543108,0.022544683489024542,0.008375291782814006
5,GROVER-SGLD,0.9306292033244339,0.9683852482590182,0.058840644856294,0.5722573002179464,0.27503347396850586,0.07569987864429842,0.01815412677911024,0.010163131763958775,0.013968455720062,0.07545842919026494,0.030369150993167126,0.00920213785938745
6,GROVER-DeepEnsembles,0.9319732853721323,0.9708482462778942,0.0632994535068671,0.5436672369639078,0.2739144762357076,0.073822120439364,0.014106742835123205,0.0109951654295624,0.012361867452813454,0.00929653037385932,0.030532161424927765,0.009163546846348148
7,GROVER-FocalLoss,0.929396457112652,0.9702340805869882,0.19436867038408914,0.38778674602508545,0.3962982992331187,0.11528570773521966,0.019784396826348305,0.011326356905787215,0.027098439162142187,0.12685068642035005,0.025763580709440716,0.010193794137567859
