,method,rmse-mean,mae-mean,nll-mean,ce-mean,rmse-std,mae-std,nll-std,ce-std
0,GROVER-none,1.3822756348123255,1.0223037053249007,0.9104702703336338,0.018774603940964776,0.11079121923652686,0.09419645656615515,0.06839365849828535,0.0017727008981771326
1,GROVER-MCDropout,1.3569593185705282,1.0092887704031195,0.9246964252809545,0.017676380563116073,0.10822649663759748,0.09398408071927605,0.06796664301928773,0.0017156014939071961
2,GROVER-SWAG,1.318116529352501,0.9858108857172138,0.8385868952894368,0.02178792366231219,0.08977012341079525,0.07266143310846442,0.03519151429175782,0.004244416125203024
3,GROVER-BBP,1.4832113251620704,1.1450587138311858,1.1459348659177662,0.006041977865780662,0.13217197985515688,0.08925128567616239,0.01655002741212551,0.0018825784654480139
4,GROVER-SGLD,1.4965119015918011,1.1682440100367748,1.1154385101144133,0.007203118594427319,0.2642779902627559,0.22886577102010683,0.1317325188559982,0.001639500806415756
5,GROVER-DeepEnsembles,1.2826424128703329,0.9424290854154888,0.9475632458249014,0.014002351753126738,0.1699963550997235,0.13158105684680554,0.055764120268212106,0.0019718088851995432
