,method,rmse-mean,mae-mean,nll-mean,ce-mean,rmse-std,mae-std,nll-std,ce-std
0,Uni-Mol-none,71.44752054283111,36.79681366375812,4.146953772153932,0.041134294066392324,2.3162624381214685,2.3826332282813345,0.16345858887030215,0.0031566520121774945
1,Uni-Mol-MCDropout,70.89340289188543,35.52913800455834,4.1424780134047685,0.040566577841121616,2.262225455114936,2.4114689850726965,0.1709029818213306,0.0031876377952120335
2,Uni-Mol-SWAG,68.6535555800254,29.109346396351494,3.946011225039229,0.04332411177499334,1.3320208389934955,2.1595826862305914,0.013445403585654742,0.0010787015371697534
3,Uni-Mol-BBP,73.05230805750894,39.21941922671494,4.595200866995089,0.029690504669447653,1.1094217632589312,1.8792294297312004,0.09963297879904559,0.004197327123561254
4,Uni-Mol-SGLD,71.27697249018041,32.48195940184564,4.440650934628333,0.032126253461737274,1.6947334903461342,3.3687158509811237,0.053841553882385235,0.0016795052234766224
5,Uni-Mol-DeepEnsembles,69.6610496002712,33.84782856629932,4.043583203368839,0.04289575088581148,0.9263762832757577,0.05769031218384115,0.08703275242298417,0.0019813381728192997
