,method,roc-auc-mean,prc-auc-mean,ece-mean,mce-mean,nll-mean,brier-mean,roc-auc-std,prc-auc-std,ece-std,mce-std,nll-std,brier-std
0,Uni-Mol-none,0.9055789970026141,0.9033411705881886,0.0894203707575798,0.3715847035249074,0.40811943014462787,0.12573184941041068,0.02041104767689847,0.028648827320583572,0.012852806149141055,0.16953749308618918,0.052934324973617684,0.019124396001040357
1,Uni-Mol-MCDropout,0.9060985174527744,0.9038060000065292,0.08637076616287231,0.3843161364396413,0.40691784024238586,0.12555764486287813,0.019936359298747888,0.02820094958304068,0.008627184349676862,0.17868663478928756,0.05141576378474431,0.018808761158620433
2,Uni-Mol-TemperatureScaling,0.9059256376266953,0.9036764841150364,0.0853968933224678,0.4307461480299632,0.40603160858154297,0.12610737908648026,0.020522462915114094,0.028922156148573915,0.008213338714975326,0.14508971721910993,0.04907736863266709,0.017974460851489325
3,Uni-Mol-SWAG,0.91054297224403,0.9035586655334141,0.09884186089038849,0.5964374740918478,0.3822244604428609,0.11793505091839952,0.014245316913347376,0.01678953448582733,0.012240233263930814,0.05792455545927474,0.034022102601664765,0.013094150673111895
4,Uni-Mol-BBP,0.8989895017430998,0.8951677732232922,0.08665690074364345,0.5223638614018759,0.43028831481933594,0.13089344734214228,0.015446677985817767,0.019878884520434997,0.020572133494013843,0.14940596313571539,0.051289741296736274,0.018353674273554114
5,Uni-Mol-SGLD,0.9079987749833425,0.9017372930529621,0.08337869743506114,0.4688408076763153,0.39494164784749347,0.12229505501512321,0.010406169676136228,0.009241931611759168,0.013854826732068256,0.16447102791950144,0.03169734815044288,0.013762986397439862
6,Uni-Mol-DeepEnsembles,0.9023434310620022,0.8988732488997201,0.10202211886644363,0.42539624373118085,0.4039677182833354,0.12720700008267674,0.018918178180627163,0.024528291590368873,0.013970839450187783,0.050835786928676165,0.049087349936474796,0.02195926623656434
7,Uni-Mol-FocalLoss,0.8938541299370154,0.8865522170763755,0.16335666676362356,0.36726383368174237,0.5026564995447794,0.1655258511261155,0.020622450295963234,0.03196899711171247,0.014814337178009162,0.013939155783389936,0.013904901567209893,0.006483627489506251
