,method,roc-auc-mean,prc-auc-mean,ece-mean,mce-mean,nll-mean,brier-mean,roc-auc-std,prc-auc-std,ece-std,mce-std,nll-std,brier-std
0,Uni-Mol-none,0.8391189478926528,0.6690877700658491,0.06251552328467369,0.8080924948056539,0.1949099898338318,0.05312205651966714,0.062005759102169336,0.09161108700580385,0.01190531409865741,0.13745430337106548,0.029058791682753094,0.007798104650921876
1,Uni-Mol-MCDropout,0.8394446799945182,0.6701559025491526,0.06274582135180633,0.7904732525348663,0.1931141590078672,0.05276420458107136,0.061555659728546784,0.09126175804704256,0.011165939419450167,0.14146489520653793,0.02810983112240795,0.007692112150439613
2,Uni-Mol-TemperatureScaling,0.8433177885580175,0.6701585066634271,0.06329066182176273,0.7860530217488607,0.1880189130703608,0.0526471219336716,0.06108540282326727,0.0912421256314445,0.01193266672299221,0.1384596454822776,0.02356466451522934,0.007264747659385505
3,Uni-Mol-SWAG,0.8211068543847798,0.652982163975479,0.05150268040597439,0.7930375436941782,0.19742807000875473,0.048442703419750065,0.08713266827092908,0.06666983897128013,0.0130674155309035,0.13766157085468095,0.058754200017495706,0.009675465950336285
4,Uni-Mol-BBP,0.8388788703630286,0.6801324365661324,0.05926667603974541,0.624912033478419,0.1787834738691648,0.04722349531037936,0.03448946411705099,0.08307798634938811,0.023429723011269568,0.11549305712007374,0.038668732694252514,0.013191578933851325
5,Uni-Mol-SGLD,0.8366631624769344,0.6673969703014556,0.04622740484774113,0.7501705686251322,0.18674092243115106,0.047532901054396136,0.08553214369413918,0.06157097056966743,0.009191573377804768,0.08003119824671899,0.06550387677478493,0.01098918733355618
6,Uni-Mol-DeepEnsembles,0.8386686801609328,0.6893039963288782,0.06708400386075179,0.6535261968771616,0.180328369140625,0.04690509224401407,0.0462625369485818,0.09395295891903421,0.01971728324839059,0.1579347892858651,0.025437354586520456,0.00322668046612696
7,Uni-Mol-FocalLoss,0.8416037258515288,0.6823695274727629,0.09605855867266655,0.6622685045003891,0.21532239516576132,0.058578168768747746,0.07051948077666088,0.07218537901309913,0.01994616569439054,0.13921962036579527,0.013585316893557303,0.00502819224480741
