,method,rmse-mean,mae-mean,nll-mean,ce-mean,rmse-std,mae-std,nll-std,ce-std
0,ChemBERTa-none,97.39997452519923,47.39064025756124,4.592761699290956,0.0402409784249129,8.809346757968266,3.6007062003623886,0.13635677990951126,0.002063338624120237
1,ChemBERTa-MCDropout,97.17631578955786,43.481710836044925,4.322447157316767,0.04583696576701055,9.042975916978182,4.843533353038624,0.35583165364092373,0.0016740639963875033
2,ChemBERTa-SWAG,97.56526587200149,49.39421225161903,4.792757312722946,0.03970473762664303,8.487596212157188,4.099508783013658,0.14949911635569793,0.0018975766765472616
3,ChemBERTa-BBP,100.80027997120278,53.04186226797043,4.6938421021352115,0.03469132487701881,8.957581277884332,4.45218508208853,0.21954901658536297,0.0027481877853083253
4,ChemBERTa-SGLD,99.64873376359334,54.89762639852387,4.631381471645542,0.030831295987831835,7.962251931708491,2.421446987469359,0.1117432912586777,0.0014959149793982043
5,ChemBERTa-DeepEnsembles,97.55004520676084,47.20161728315973,4.543617479102476,0.03919927567238046,8.692328516135442,3.7146196237192446,0.2687567154925307,0.002019761993616697
