,method,roc-auc-mean,prc-auc-mean,ece-mean,mce-mean,nll-mean,brier-mean,roc-auc-std,prc-auc-std,ece-std,mce-std,nll-std,brier-std
0,ChemBERTa-none,0.8373119305702064,0.454952734177925,0.03449907133148776,0.5841362062427732,0.19927487149834633,0.05451550894923263,0.01395898745234286,0.026377661220480585,0.004589410477453936,0.04659183009723573,0.011028049557174848,0.0026680602871131994
1,ChemBERTa-MCDropout,0.8429986985184058,0.46064205858991564,0.0239538436031176,0.5125963687896729,0.18586145320700276,0.05057356384437151,0.010144779558961757,0.024372462287837248,0.0017312476342236016,0.036084682564770966,0.006862801872486127,0.0018893569821595653
2,ChemBERTa-TemperatureScaling,0.8373119305702064,0.454952734177925,0.03602281533595589,0.5575788981384701,0.19729100374711883,0.05431293832609967,0.01395898745234286,0.026377661220480585,0.0020003778023839416,0.011825066341515979,0.006605216897084973,0.002249117361337594
3,ChemBERTa-SWAG,0.8369036661718982,0.4577774733761046,0.03696832567867305,0.6551243331697253,0.20269341870314547,0.05534791037741476,0.014893940246945524,0.030445469135312597,0.0024902959639133,0.032254227510044906,0.010972736524627946,0.002215031290860698
4,ChemBERTa-BBP,0.8301471297040529,0.4131156587333809,0.040278428182419806,0.5982042666938571,0.20519224368035793,0.057544372387991455,0.013099918404851817,0.02660706419563024,0.003824488061626553,0.011158119245766589,0.0077498901210509155,0.00251327311006465
5,ChemBERTa-SGLD,0.8314294326863015,0.45167953985390047,0.0376390207093209,0.6264403909444809,0.2002155433098475,0.055192302150783974,0.012708601618139425,0.0257787307395357,0.0017916635608989043,0.008884699913276986,0.010190677854564805,0.0030923863339094534
6,ChemBERTa-DeepEnsembles,0.8509477340571735,0.4726463642573537,0.03040580787799425,0.5796804767515923,0.1889854199770424,0.051897704394830324,0.008194107047230047,0.019194690092482328,0.0027078493695356035,0.029063424310898218,0.009989356236330722,0.0024537757700151056
7,ChemBERTa-FocalLoss,0.8338570457608679,0.457230901477248,0.09390757977962494,0.44724995560116243,0.23609469582637152,0.06054414998165312,0.01276409308931474,0.027389598418181442,0.00775792340052957,0.032522857456919005,0.0024223366624559323,0.0006511342887231613
