,method,rmse-mean,mae-mean,nll-mean,ce-mean,rmse-std,mae-std,nll-std,ce-std
0,ChemBERTa-none,1.4124625048041768,1.0323089077659324,0.8274366993674852,0.03867565070022489,0.18897667288533107,0.12055264355123306,0.19986926352511097,0.005883489332735763
1,ChemBERTa-MCDropout,1.3675429881771588,1.0277738153181109,0.6970220836331235,0.03568304134517872,0.24560404322433094,0.17320847429105368,0.17303168953978548,0.006724676291842262
2,ChemBERTa-SWAG,1.3789195974376849,1.0023500167706911,0.8477454778939565,0.04082506141057276,0.21276337305715834,0.15698547645326036,0.28506273342763633,0.004133624648846925
3,ChemBERTa-BBP,1.435472376957622,1.0642505768014872,0.8143111196565532,0.027022445771654025,0.21280483510494144,0.13121022102280458,0.06370907290183336,0.0032148541991057497
4,ChemBERTa-SGLD,1.3863705689777241,0.9852221349751226,0.6654086432644369,0.03614085567547944,0.2746747346331834,0.16126200486321474,0.14752678581691314,0.0022868496443858386
5,ChemBERTa-DeepEnsembles,1.2276007675386016,0.874503875922145,0.5995272047290413,0.039907388495046305,0.23950546174710882,0.1727190484522021,0.15456402283683227,0.0012796883454748345
