,method,rmse-mean,mae-mean,nll-mean,ce-mean,rmse-std,mae-std,nll-std,ce-std
0,ChemBERTa-none,0.7033094004699013,0.5282457910443964,1.4474504963518093,0.04182263995853742,0.052066689543769584,0.02335087305242965,1.1982062939160996,0.006390979954253074
1,ChemBERTa-MCDropout,0.6582501416858789,0.48821316505772944,0.823381582551661,0.038033396033387824,0.03296593551526377,0.009518243954539577,0.7527311111005627,0.005618206537651372
2,ChemBERTa-SWAG,0.7114324021201578,0.5362541549133628,1.7413036071205485,0.044082916881926955,0.05019050246420358,0.019634034437203334,1.27051608099817,0.005907884539374907
3,ChemBERTa-BBP,0.7103243875286763,0.5376663768348549,0.5763635181563115,0.03681445951525775,0.05078242963174552,0.021225217855312038,0.31607664173018085,0.004288901844954348
4,ChemBERTa-SGLD,0.6988318916647206,0.5270777509884624,0.7978394614395669,0.0413927058213056,0.054031231200697465,0.024910184491168615,0.2379840438553659,0.001559386702541673
5,ChemBERTa-DeepEnsembles,0.6762877171211947,0.5043978681656379,1.4617996480102946,0.04511126228945651,0.053381160826309615,0.023208887494790283,0.8427993749216481,0.003293390797963101
