,method,rmse-mean,mae-mean,nll-mean,ce-mean,rmse-std,mae-std,nll-std,ce-std
0,DNN-rdkit-none,107.95464022583708,57.56105034432162,5.523064887608174,0.04492015650895079,8.150099261008815,4.850699244107036,0.067729803634351,0.0025502502984811404
1,DNN-rdkit-MCDropout,106.52771433283307,56.84023876063245,4.980106834967291,0.04340957647364429,8.403493319482532,4.457074803267167,0.08046274236636922,0.0024759961189469533
2,DNN-rdkit-SWAG,105.39304316418666,56.15317303722827,4.938711488706069,0.04286423908611944,8.362581160544671,3.9650437089334436,0.13158870336980064,0.0018473730778052712
3,DNN-rdkit-BBP,111.64101382140718,65.9096702110697,5.171535802089786,0.03883885955911542,8.9229648844918,3.7376947692712106,0.20919828127573736,0.0019837094846829758
4,DNN-rdkit-SGLD,111.11493298233461,75.58156808181214,5.227719013266907,0.012679936979220324,7.8189173771244995,4.441949932250483,0.03405742338365314,0.00038427914452609857
5,DNN-rdkit-DeepEnsembles,104.089003203048,55.65540596189413,5.012296994615272,0.04381309858513749,9.965967895586045,4.16244091100425,0.1889804938550004,0.002033951923008406
