,method,rmse-mean,mae-mean,nll-mean,ce-mean,rmse-std,mae-std,nll-std,ce-std
0,DNN-rdkit-none,0.6529620937404479,0.47879044842301455,0.1067023067779428,0.04191137614228049,0.061535351190268345,0.02793990806505032,0.07161958176710542,0.003414213953923738
1,DNN-rdkit-MCDropout,0.6597113504706543,0.482032065645597,0.12120716215801906,0.04357472232341345,0.06658466530752212,0.0351479674124971,0.09248151535472937,0.0037471690537245568
2,DNN-rdkit-SWAG,0.6541932606329506,0.47523176965148456,0.09768931698526706,0.043547962108287125,0.0766302390194516,0.039213364897573676,0.0884208360309706,0.0034442568273845226
3,DNN-rdkit-BBP,0.7059790773107206,0.5294394683289403,0.21533244098982093,0.026320968511870376,0.06035458314939011,0.04577783605728491,0.11819196741153773,0.004985940797523559
4,DNN-rdkit-SGLD,0.7032641992963254,0.5234521129414816,0.38250984279360917,0.016256031279393703,0.06479743741509106,0.02725090183051657,0.0019300253926580317,0.0019286904894070043
5,DNN-rdkit-DeepEnsembles,0.6455131513613269,0.47349222878838854,0.07911413018643877,0.04046730147763201,0.051818048670263725,0.03100961385119991,0.09046582226782522,0.003110095205051108
