,method,rmse-mean,mae-mean,nll-mean,ce-mean,rmse-std,mae-std,nll-std,ce-std
0,GROVER-none,0.6136612724722027,0.4730062459556846,0.029865368787169836,0.037731202210669446,0.039165764681892305,0.01732342511058266,0.09349398764554812,0.00633135020629915
1,GROVER-MCDropout,0.5996821495198227,0.46214556746346364,0.012403625520120273,0.03755147238551631,0.0256493330754252,0.011028283772737305,0.08901221215340668,0.006454856537822249
2,GROVER-SWAG,0.58952239336038,0.4475703107662954,-0.03423741844381454,0.041948438541075085,0.025117645496483605,0.010182369696651086,0.06241256719903171,0.003549458657109164
3,GROVER-BBP,0.64486469258079,0.4891694573779966,0.3780096012099657,0.01523443089072859,0.05165558581469887,0.028643483448142066,0.04742617830204676,0.001842109788330371
4,GROVER-SGLD,0.588761303763925,0.45424382004162905,0.07475932864787867,0.029881239524060854,0.03792161939653206,0.02515306991869865,0.06831554182323557,0.0010022028356294385
5,GROVER-DeepEnsembles,0.5847450889150281,0.45260749888963886,-0.03771252706232578,0.03839966825570653,0.032637389067174,0.021045361966087417,0.07248770697993225,0.003084756466320464
