,method,roc-auc-mean,prc-auc-mean,ece-mean,mce-mean,nll-mean,brier-mean,roc-auc-std,prc-auc-std,ece-std,mce-std,nll-std,brier-std
0,GROVER-none,0.875443518238885,0.5447661742117064,0.025890354843189318,0.5116434180074267,0.16899235701809326,0.04570925861125366,0.015486640490938496,0.04934157820696961,0.0018436149972608205,0.03711610585538567,0.006706224325646677,0.0015345648716390597
1,GROVER-MCDropout,0.875965689197083,0.5418217723271547,0.02789840073738661,0.5009156974653403,0.16965519854178032,0.04569730536368188,0.014867935548424123,0.047138063493261835,0.0014983414261104792,0.017183438262608132,0.00621916995212636,0.001537201413749013
2,GROVER-TemperatureScaling,0.8754406119142008,0.5445313249637739,0.028077408360938232,0.5026182019048266,0.17004605196416378,0.04584385254820723,0.015383054339868401,0.04910921719610413,0.0029975338139046326,0.009945972127792543,0.0060134971819924,0.0014777707476358842
3,GROVER-SWAG,0.8775740765805636,0.5527279936805052,0.024737530206847522,0.49473627863658803,0.16739026457071304,0.045165618954718136,0.013507131191771708,0.04210964025414286,0.0014490293415078156,0.020861031912056485,0.00585492308978592,0.0014343077215322607
4,GROVER-BBP,0.8667370196764658,0.5267679758591685,0.043876839646448694,0.4591746595170763,0.18498414382338524,0.04825644953915484,0.013549623832444548,0.04046428500146335,0.0037861211696804177,0.0314929689937526,0.004895043362891948,0.001584686197077513
5,GROVER-SGLD,0.8723732644347383,0.5241035511100809,0.03896443918347359,0.46250637869040173,0.18109958163566062,0.04732525329652165,0.012296318203634185,0.046837523339920153,0.002322870004718384,0.016225813229773366,0.006101697513264772,0.0018938801340051656
6,GROVER-DeepEnsembles,0.8774865790479806,0.5473449821190903,0.02441192635645469,0.49251680945356696,0.16799638244426915,0.04529470829080661,0.013688487580474373,0.048107506114990886,0.001044514077463772,0.04037430402978597,0.005476074463404087,0.0012610931007327633
7,GROVER-FocalLoss,0.8785205234717264,0.5341078971713322,0.13366773807340201,0.4511071228318744,0.26231356130705935,0.06360456861684909,0.00989916277588168,0.045525912123582264,0.0012107369737013303,0.009952674158139855,0.004640653598043402,0.0017429474496016078
