,method,roc-auc-mean,prc-auc-mean,ece-mean,mce-mean,nll-mean,brier-mean,roc-auc-std,prc-auc-std,ece-std,mce-std,nll-std,brier-std
0,GROVER-none,0.8823222728807835,0.6822962513265297,0.03918928932398558,0.6186329325040182,0.15504435822367668,0.040875541850174425,0.03467472713367183,0.05198716883405093,0.005926784868762625,0.04872852244152317,0.028877072659792516,0.006902621200090658
1,GROVER-MCDropout,0.8839715440215556,0.6847107418004765,0.032388968393206596,0.4909314513206482,0.1505067658921083,0.039236867541202036,0.03318843969760605,0.04953925609486737,0.0014973966203049617,0.05673387434918333,0.024167783067632648,0.005838317932608788
2,GROVER-TemperatureScaling,0.8817953519546373,0.6819012837264774,0.03868997686853012,0.6123381555080414,0.15745254854361215,0.04122575236450389,0.034122541954042136,0.05202688157051166,0.004148143481886632,0.055473477795677364,0.029429485493120768,0.006936699456201625
3,GROVER-SWAG,0.8897367391426712,0.6932695556050099,0.03996214736253023,0.5606256425380707,0.14895806709925333,0.03965286674556965,0.03374604686818538,0.041275519948993554,0.0033175216085476688,0.07641334748659125,0.026680522420789835,0.005996050504730995
4,GROVER-BBP,0.8465792622938784,0.6936165553401455,0.06843969474236171,0.632448414961497,0.17483999704321226,0.04188619198346472,0.04963747673557397,0.013763969199862053,0.005945518457255937,0.13300787009081805,0.022632585263057652,0.006412128990863641
5,GROVER-SGLD,0.8903689310676475,0.7185207804932402,0.04239686640600363,0.6034930447737376,0.15454191466172537,0.04140323738495178,0.028543914274471317,0.012515561329732647,0.0020772446809843702,0.09603901476688521,0.02965267642087141,0.00860146143805244
6,GROVER-DeepEnsembles,0.8854275111473306,0.7278813952540947,0.03422986250370741,0.599308560291926,0.14695235093434653,0.03847080732693033,0.03707928326294847,0.006381199510113839,0.010213545545564301,0.09789109372799411,0.02953799822305847,0.0070599987949991365
7,GROVER-FocalLoss,0.8553865024913244,0.6907938312974647,0.16870169714093208,0.5025037974119186,0.2766742731134097,0.06822735987991731,0.05422464937213966,0.05574714097366805,0.002387943714814277,0.07697188998230658,0.007342486539475947,0.0026136936302031087
