,method,rmse-mean,mae-mean,nll-mean,ce-mean,rmse-std,mae-std,nll-std,ce-std
0,Uni-Mol-none,1.0429175268763462,0.734473055714768,0.5741369015373495,0.03223086972358947,0.01700693582234359,0.03084550179599725,0.06367176059993095,0.005416800166641658
1,Uni-Mol-MCDropout,1.0381168255982969,0.7279564789417079,0.5872154584792137,0.031026990799010067,0.024944544158381,0.03939007524064518,0.06361911658431592,0.005534511866276045
2,Uni-Mol-SWAG,0.9958640296000656,0.684244862583062,0.6050117444221215,0.027080164031801437,0.09023977082130415,0.12479902475553731,0.07054081813824851,0.005122781741328391
3,Uni-Mol-BBP,1.1540500154364353,0.8681421253363188,0.9795115957189289,0.015374354920247649,0.17791444068362613,0.15495847796117146,0.062116924979278676,0.0026954265565424353
4,Uni-Mol-SGLD,1.048595930787201,0.7542557352030271,1.0065443896367796,0.012563638061225686,0.18979047798988719,0.15375280854665668,0.12830551879809238,0.001616299628869821
5,Uni-Mol-DeepEnsembles,1.0009300351996304,0.7201026696519199,0.6766380518248724,0.02699669503930339,0.041566040689567776,0.03777020602030106,0.03650661716688114,0.0045367070127417695
