,method,rmse-mean,mae-mean,nll-mean,ce-mean,rmse-std,mae-std,nll-std,ce-std
0,Uni-Mol-none,0.6253258619984997,0.4691329956099955,0.00239030113723096,0.03877303722155812,0.04995001584778831,0.029137445611181704,0.06927882482327671,0.0008428769185695496
1,Uni-Mol-MCDropout,0.622429580998937,0.46399286051636635,0.0057693901463654424,0.037534795646751946,0.050066777686159886,0.029920808866629508,0.06468270966639274,0.000713197934374645
2,Uni-Mol-SWAG,0.5641607547008416,0.40300962595435824,-0.060323044287930026,0.03611970522005611,0.056353377321243354,0.03415710384948112,0.10919236909709713,0.0027918639931669
3,Uni-Mol-BBP,0.6761898634012571,0.4883605088782606,0.2843976050275533,0.023469276106664067,0.0766073575948704,0.05442826852807238,0.027594883183217907,0.002386738942329742
4,Uni-Mol-SGLD,0.6062914196644921,0.4387726735499385,0.19471644893226855,0.027019053655063078,0.028138650286176032,0.009767330054972222,0.23109414750750135,0.009632194714149535
5,Uni-Mol-DeepEnsembles,0.5930468053930725,0.4310784974593451,-0.027318968565407428,0.03745426008674178,0.03744344526881734,0.012945900018090378,0.02383150728973868,0.001465188171008243
