,method,rmse-mean,mae-mean,nll-mean,ce-mean,rmse-std,mae-std,nll-std,ce-std
0,GROVER-none,0.631610749023887,0.4747201704264916,2.1511971973282313,0.04784213986266824,0.006624376216307004,0.003972165829945325,0.22027289987816945,0.0009217731848068959
1,GROVER-MCDropout,0.6292699843984896,0.4739891930908171,2.0525679405754094,0.04763845810389903,0.006665826008897088,0.0028358757209420234,0.21390633762928266,0.0008820422771697922
2,GROVER-SWAG,0.6316930739837492,0.47500550827213245,2.398038477889753,0.04847837490066906,0.007471317892239224,0.004137709716529538,0.3596796358689798,0.000705158956178962
3,GROVER-BBP,0.6480907404580329,0.505786654701111,0.07888214555803441,0.019561807655160832,0.006291118511065022,0.004104676416635374,0.02058874307685519,0.0024366181421143543
4,GROVER-SGLD,0.6359708214636819,0.4983505982956702,0.05443174312527498,0.02146552770522751,0.004081482644231913,0.001657565448785685,0.019947033217471072,0.0009705859267438593
5,GROVER-DeepEnsembles,0.6250320946881364,0.4693483133939544,1.6046436511183153,0.04598105953016923,,,,
