,method,roc-auc-mean,prc-auc-mean,ece-mean,mce-mean,nll-mean,brier-mean,roc-auc-std,prc-auc-std,ece-std,mce-std,nll-std,brier-std
0,GROVER-none,0.7157061128207148,0.07121693946346971,0.001570962470335265,0.050432526648768954,0.016908021084964277,0.0024958937587718816,0.03295603380953356,0.026013707212980505,0.0004021275361504164,0.03493037809456072,0.0003738972287070909,1.2611310833107693e-05
1,GROVER-MCDropout,0.7162871035160562,0.07542666290027607,0.0015777350028252438,0.02911820038635698,0.016959661038385497,0.00249767599571926,0.03630261773359272,0.020816205832812854,0.00040354515048712265,0.03561681848439673,0.0003869515499451941,1.2560258444193524e-05
2,GROVER-TemperatureScaling,0.7154633356816903,0.07218707122735953,0.00136933873873204,0.022565627938860817,0.01867220564227965,0.002502916445005416,0.0331211283552526,0.02581859153612916,8.670676038298415e-05,0.03006250752167023,0.00037504374286071183,8.040571730590062e-06
3,GROVER-SWAG,0.7280964444696835,0.11237071143307054,0.0013889422989450395,0.1328452921187919,0.016209814086970354,0.002461040639093468,0.02261324923926408,0.0197851369847431,0.0003182132608403452,0.04656985067098711,0.00018413660258775611,2.050263491631906e-05
4,GROVER-BBP,0.748958386695579,0.05820547739317369,0.005240107405309876,0.15997733247155943,0.019178087222907276,0.002535567191928842,0.006804471444184661,0.022034262904064496,0.0014922187258845456,0.049292391596464855,0.0010977892206741101,6.893405762790215e-06
5,GROVER-SGLD,0.5531707308705385,0.0062980022457001066,0.03745132258368863,0.039083114556140365,0.0487995193236404,0.00393294506965022,0.025538800148838,0.0016864165550921322,0.0008522636603821498,0.0014561839815557106,0.0008402468394190842,6.074940912779039e-05
6,GROVER-DeepEnsembles,0.7267762582035446,0.07937700487186224,0.0014425586831445494,0.06107096713191519,0.01664640431602796,0.0024929069530967582,,,,,,
7,GROVER-FocalLoss,0.6824926429288561,0.03677643601294831,0.08691237287388909,0.08691237287388909,0.09948599586884181,0.010084840025620921,0.012666780503942534,0.008571472739175214,0.0033492918365694018,0.0033492918365694018,0.003560907066515771,0.0005788926330989162
