,method,roc-auc-mean,prc-auc-mean,ece-mean,mce-mean,nll-mean,brier-mean,roc-auc-std,prc-auc-std,ece-std,mce-std,nll-std,brier-std
0,TorchMD-NET-none,0.5881375639380528,0.6216556182437687,0.13048753220541978,0.6828333935987803,0.5988312227490508,0.17890181759036086,0.006019968987082974,0.00835441990006886,0.023850833406617717,0.08103856226884003,0.05410521358640292,0.007173695512728445
1,TorchMD-NET-MCDropout,0.5861663260289118,0.6280611950860949,0.12297976269950102,0.6490232098249741,0.5551003891008871,0.17556562873087303,0.0059040673246774115,0.008057013036088514,0.020471634498385294,0.05567213049175471,0.03270730386161138,0.006050877688035738
2,TorchMD-NET-TemperatureScaling,0.5881375639380528,0.6216556182437687,0.11416670236230632,0.6597660400985199,0.5379862821212521,0.17211482705385042,0.006019968987082974,0.00835441990006886,0.010908705291783054,0.04481707405714049,0.01473866581246329,0.00378534989218205
3,TorchMD-NET-SWAG,0.6080880467232151,0.6314259103295518,0.12813503893069278,0.6720353061402284,0.5596301687168487,0.1751158243142177,0.008515210489430634,0.0006647440839647728,0.015240829590410399,0.032672468086260155,0.03261983952240182,0.0058919361323836695
4,TorchMD-NET-BBP,0.6071757086237095,0.6250215776621663,0.129331772963022,0.6648571607139374,0.5619485639495614,0.17527178245511024,0.015048561493406835,0.013843528007601393,0.0005049322916511613,0.020557490129017128,0.005945362806301351,0.0007590605818945842
5,TorchMD-NET-SGLD,0.6026270593136868,0.6227341774211038,0.11431511132805434,0.44359741626698296,0.5161752691607416,0.16933037907967288,0.00888237552417976,0.0052601726141013605,0.0076252774100531925,0.04536024188221722,0.005399825552822029,0.0017054955227468083
6,TorchMD-NET-DeepEnsembles,0.6329136784127077,0.644076102788265,0.10929428087547421,0.5815506847920241,0.517468459352299,0.16601597662839898,,,,,,
7,TorchMD-NET-FocalLoss,0.5909313373422607,0.6229334219554091,0.1515440661230205,0.6043070580488369,0.5469611837172214,0.1847904770292236,0.004822469129326034,0.0041532154655173695,0.003401107486722899,0.04031749774536014,0.005782688421593423,0.0030553103823864683
