,method,roc-auc-mean,prc-auc-mean,ece-mean,mce-mean,nll-mean,brier-mean,roc-auc-std,prc-auc-std,ece-std,mce-std,nll-std,brier-std
0,TorchMD-NET-none,0.6752507716049383,0.688849113444633,0.3207288682460785,0.6944819688796997,1.735194166501363,0.3298554020048976,0.0060279706759257925,0.01060823850730987,0.024928287569897203,0.14547476281111232,0.27135728286662525,0.02181879952054408
1,TorchMD-NET-MCDropout,0.6766975308641975,0.6943183345835591,0.3098324040571849,0.5849207441012064,1.4863797028859456,0.3190190071781887,0.005731039083116568,0.011223232962910926,0.023564356601036153,0.0426129845546586,0.19623223322696545,0.017735501746362972
2,TorchMD-NET-TemperatureScaling,0.6752507716049383,0.6889152510107704,0.27388355135917664,0.6104112267494202,1.1382457812627156,0.29945378702060577,0.0060279706759257925,0.010698503189525529,0.025111085107026497,0.15456888339632446,0.10169936128834635,0.01878962540449457
3,TorchMD-NET-SWAG,0.6719875257201645,0.6977864986260469,0.36009542147318524,0.7646265427271525,3.197563807169596,0.3632354658072516,0.013138621267357218,0.016453888591058573,0.012094055238299957,0.049528772424515914,0.5026819778367622,0.009031201351257316
4,TorchMD-NET-BBP,0.6894933127572016,0.6790185666483296,0.3018583257993062,0.6568308273951212,3.19564425945282,0.315942264169959,0.016632271263127135,0.012454555061886008,0.0597909388892839,0.22591188271122833,1.7450725564442089,0.034346004900542265
5,TorchMD-NET-SGLD,0.6707818930041153,0.6794630725706406,0.3629378179709117,0.7435465852419535,2.320758899052938,0.36165967041453806,0.005838958891330535,0.01557287855382153,0.00830367683126393,0.048199977241950506,0.5514547292706448,0.006808988894464738
6,TorchMD-NET-DeepEnsembles,0.6844135802469136,0.684722434439839,0.2699776887893677,0.46501222252845764,1.1018105745315552,0.2933706689714341,,,,,,
7,TorchMD-NET-FocalLoss,0.7059542181069959,0.7185286281472972,0.19103888173898062,0.4264197150866191,0.8688188791275024,0.2486739521069743,0.020620040197320718,0.02315140654674614,0.01996880570081881,0.015632602243911803,0.04984221667724025,0.011857852200905314
