,method,roc-auc-mean,prc-auc-mean,ece-mean,mce-mean,nll-mean,brier-mean,roc-auc-std,prc-auc-std,ece-std,mce-std,nll-std,brier-std
0,ChemBERTa-none,0.6289340984176666,0.6518052991997291,0.20960190892219543,0.5007757246494293,0.7570363680521647,0.2750684324000256,0.009016232741248171,0.013588820411249737,0.0037106143548415642,0.26525867512493145,0.007300580092424953,0.0028334577738000056
1,ChemBERTa-MCDropout,0.6515388628064684,0.6703393880481379,0.1930752694606781,0.32376473148663837,0.7393473386764526,0.2693136601443334,0.01637332277496732,0.011367120407683898,0.004468163412176865,0.022451770498352317,0.0029088157606641483,0.0012801095116453942
2,ChemBERTa-TemperatureScaling,0.6289340984176666,0.6518052991997291,0.1554155796766281,0.31579890847206116,0.7133822043736776,0.25869577582234043,0.009016232741248171,0.013588820411249737,0.010259957829254776,0.0623988464003824,0.0031906295977418915,0.0014254573883829642
3,ChemBERTa-SWAG,0.6304990436445835,0.6530375997549053,0.20451417565345764,0.49508942166964215,0.7559468547503153,0.274572500391814,0.008092558705073933,0.01265895340156736,0.003245313023607546,0.27026488910117835,0.007736525081250149,0.0030246155382433982
4,ChemBERTa-BBP,0.5453544311134295,0.578891865467424,0.09976341327031453,0.1875201960404714,0.7080216010411581,0.257270673419038,0.06189256267608961,0.04317818591939649,0.02354222329655472,0.05193302281548937,0.008717682216723689,0.004232192331591165
5,ChemBERTa-SGLD,0.5217063699066828,0.551950974119337,0.053050038715203605,0.29199308156967163,0.694149911403656,0.2505007292546863,0.05120749321409053,0.038735524016563716,0.011373162025701272,0.20588734856325902,0.0022217447936057726,0.0011101547014305073
6,ChemBERTa-DeepEnsembles,0.6308468092505651,0.6414441754562906,0.1415499895811081,0.2652251422405243,0.7081372141838074,0.2569372150614233,,,,,,
7,ChemBERTa-FocalLoss,0.6474236364690199,0.6748776728863707,0.19635467727979025,0.32018522421518963,0.7449780503908793,0.2740672386803632,0.005097926952366738,0.004952619287294098,0.0035022474854694355,0.03998354234742401,0.0022959861027468014,0.001102968408659451
