,method,rmse-mean,mae-mean,nll-mean,ce-mean,rmse-std,mae-std,nll-std,ce-std
0,GROVER-none,4.240676615345233,3.1253634015850404,2.0701056775160915,0.02325487559099421,0.31739136839103843,0.4023330080516893,0.10228272344969083,0.014075322768402327
1,GROVER-MCDropout,4.2044520020938405,3.1097999061919595,2.0421799354625167,0.019916555700725494,0.31987431074273526,0.3736572311038538,0.09287233915154411,0.0130491098926409
2,GROVER-SWAG,4.185440453478761,3.1039085431563382,2.0604210310815163,0.02508177855092546,0.28994708096533467,0.3888318743708564,0.12295563050353339,0.012734464777562241
3,GROVER-BBP,4.48980518717651,3.3533149129697297,2.045177332589764,0.037787228320793224,0.2066609124126389,0.21855387495263495,0.05297301729424227,0.013639167629732569
4,GROVER-SGLD,4.673142988842975,3.585810969899775,2.182631723769637,0.05285930317197355,0.5142187864028656,0.5164530801311377,0.0714053211253163,0.01778232965431721
5,GROVER-DeepEnsembles,4.055107306463214,3.016613628881413,1.9352245216829882,0.024510760164302065,,,,
