,method,roc-auc-mean,prc-auc-mean,ece-mean,mce-mean,nll-mean,brier-mean,roc-auc-std,prc-auc-std,ece-std,mce-std,nll-std,brier-std
0,Uni-Mol-none,0.5325360082304527,0.5455435455178782,0.353382408618927,0.8041485548019409,1.074077804883321,0.37263114511511625,0.036387187578758334,0.040393853609492984,0.0074412787422382535,0.0321092505555989,0.029781099058162865,0.006380783297295707
1,Uni-Mol-MCDropout,0.5335648148148149,0.5476813202432181,0.34489062428474426,0.6729629536469778,1.0457369486490886,0.36662362034154233,0.03965172348225282,0.04402559442950769,0.007675024842685917,0.15512561485628826,0.028999902227882332,0.006562195721225354
2,Uni-Mol-TemperatureScaling,0.5326324588477366,0.5456849616617605,0.28669093052546185,0.5708683331807455,0.9013136426607767,0.3297288963331582,0.036622654865005856,0.040602184123331636,0.007385860762821387,0.11725816956896797,0.018111453316928414,0.005553572702333261
3,Uni-Mol-SWAG,0.5591885288065844,0.5692188654734053,0.3007734219233195,0.6947381893793741,0.9277214209238688,0.33739418897683043,0.014306877687567107,0.029613660543481614,0.004187206185206988,0.07211100053591113,0.010949079987144771,0.0032938552452166417
4,Uni-Mol-BBP,0.4626414609053498,0.5087971916202909,0.26309001942475635,0.517024964094162,0.8784388105074564,0.3208961123175991,0.023858788783732363,0.026533266889071833,0.04472905151686275,0.20892912046979673,0.080865790059667,0.02425634430763113
5,Uni-Mol-SGLD,0.45897633744855976,0.48611114148550866,0.12061212211847305,0.25440582633018494,0.7238127589225769,0.2645568994060598,0.04556120897237188,0.034974024910519826,0.02981814179219181,0.06591318809184454,0.01356983540692339,0.005864792896871162
6,Uni-Mol-DeepEnsembles,0.5874807098765432,0.597342750729299,0.3370038568973541,0.37605705857276917,1.018642544746399,0.3614009123048971,,,,,,
7,Uni-Mol-FocalLoss,0.5405414094650206,0.5571087804787492,0.05222919210791588,0.37530871232350665,0.6911953488985697,0.24899077837546532,0.045784511906645134,0.04972168612853651,0.004240212274834527,0.07862847309589888,0.007536296299403026,0.003657000245564064
