,method,rmse-mean,mae-mean,nll-mean,ce-mean,rmse-std,mae-std,nll-std,ce-std
0,ChemBERTa-none,0.9958433012015977,0.8083238323607752,0.48372285707262,0.0016447803294183728,0.0033004426303145113,0.00466553799080529,0.003943648172935705,7.137449611513132e-05
1,ChemBERTa-MCDropout,0.9984540089421671,0.8185101697435511,0.4884683538978618,0.004102117431058303,0.0063560043074953314,0.006139924501000761,0.006306796567693166,0.00010619705865274783
2,ChemBERTa-SWAG,0.994771112824021,0.8070257899197021,0.48230144891491555,0.0015919443721648027,0.0029400310201658213,0.00429632559737136,0.0030839901019094,0.0001165456441401179
3,ChemBERTa-BBP,1.0476588441949433,0.8577764865886081,0.5537399018171114,0.0025238191727474063,0.0016560417132918265,0.0018137273411707574,0.0032774707191022662,0.0001477359409922872
4,ChemBERTa-SGLD,1.1188995646823228,0.9266367721663751,0.6224968212998767,0.0074481642672982054,0.0032523753360489504,0.003602834810703584,0.0037912948044524497,0.001154595932013284
5,ChemBERTa-DeepEnsembles,0.9837011061224225,0.7981351922363331,0.47294008611431715,0.00164401952808812,,,,
