,method,rmse-mean,mae-mean,nll-mean,ce-mean,rmse-std,mae-std,nll-std,ce-std
0,ChemBERTa-none,1.9542824187692236,1.4347831847996406,1.2259684053929756,0.008952797121924871,0.0830479194765735,0.08945201595272034,0.045406516754230804,0.0009899941641647815
1,ChemBERTa-MCDropout,1.8954133436840932,1.4050896026504265,1.1497185223660582,0.008003816780250543,0.11322874813011408,0.10472482556374908,0.08150505199786069,0.0006228750819846652
2,ChemBERTa-SWAG,1.9707995833237242,1.4371642573928558,1.2560820677446543,0.01046481797901998,0.086465404427236,0.09045110220433124,0.04953881207601265,0.0011389413242971767
3,ChemBERTa-BBP,2.2449501642590217,1.715187651273957,1.3560374782616682,0.015502999008227996,0.04397732629424828,0.03456396987957968,0.028547100538742497,0.0026116708057372933
4,ChemBERTa-SGLD,2.3491024965622356,1.7898520271327356,1.4683959889882148,0.017981887658450175,0.05417295975318845,0.047204784459582864,0.03731436653414223,0.005461140610213818
5,ChemBERTa-DeepEnsembles,1.8843907302946796,1.369943945915394,1.1914184762531952,0.008245977771291152,,,,
