,method,rmse-mean,mae-mean,nll-mean,ce-mean,rmse-std,mae-std,nll-std,ce-std
0,GROVER-none,0.9297066269805098,0.7567995332490044,0.42376199498199657,0.0019025600615655703,0.018237718164638643,0.01646923695180091,0.017760969325110194,0.00021397980648539216
1,GROVER-MCDropout,0.9365849879103338,0.7682606202810295,0.4347864823957804,0.0033196502249306487,0.014556496056049247,0.011347850021168225,0.014797354616024447,0.0003942442952783657
2,GROVER-SWAG,0.9290393800281476,0.7620642691028353,0.4223028679931667,0.0034028487178245116,0.014769339052648212,0.010419718984987034,0.0143577569605537,0.00031849615363074407
3,GROVER-BBP,0.9752813297446888,0.7950118770024579,0.602346659218204,0.0025473475851201634,0.022901892468265093,0.01921669563436726,0.03463079636181963,0.0007062505484016402
4,GROVER-SGLD,1.1202718666991385,0.9301145046822589,0.6133949509060489,0.005203378942578348,0.02377137880511591,0.024300533939387813,0.020581217665594172,0.0031287097601061394
5,GROVER-DeepEnsembles,0.915985510991194,0.7455191418914541,0.41344925573020075,0.0019007258674842832,,,,
