,method,roc-auc-mean,prc-auc-mean,ece-mean,mce-mean,nll-mean,brier-mean,roc-auc-std,prc-auc-std,ece-std,mce-std,nll-std,brier-std
0,GROVER-none,0.6897167064729665,0.28446593044300705,0.03612111899484363,0.4236707960565885,0.2837738912138674,0.08070319205474107,0.010155627506951906,0.005680389471010547,0.00016449164660558113,0.027326917644979857,0.0010970849772394425,0.00028960595174799765
1,GROVER-MCDropout,0.6873801818225699,0.2801118348045452,0.03430208902702563,0.37868569097999066,0.2841908012827237,0.08102238585405262,0.009319587871414988,0.005201725462626529,0.00040786541273128826,0.02420255713372827,0.0009396264871451822,0.00020976333361679453
2,GROVER-TemperatureScaling,0.6897008882475104,0.28437985390932313,0.0223274469608441,0.4283774897663129,0.27886962207655114,0.07987144773305445,0.010219667680656599,0.005614369905313046,0.001733573544193823,0.06171220905956562,0.0011418092653437068,0.00025066838265502936
3,GROVER-SWAG,0.6922678718170227,0.2874204059245973,0.03437319479740431,0.4059687879764371,0.28297249144977993,0.08071429858318263,0.007515688668168044,0.006791384381054649,0.00018072248621048138,0.03075562959344872,0.0007996415314615998,0.000184055549094038
4,GROVER-BBP,0.6495991967749211,0.2240493834218149,0.03635015468009645,0.3494491739612487,0.29509345028135514,0.08363417549755835,0.004048508896492777,0.003311443872605155,0.00047335054933381817,0.02395899139899811,0.00030625271749371344,5.6705202712204085e-05
5,GROVER-SGLD,0.5071993449188817,0.10653209168921762,0.389816776331928,0.4788698727885882,0.6806356012821198,0.24377517921016767,0.026637715272008925,0.007677073257257915,0.0018478192664351716,0.013654160362766742,0.0023713903323029774,0.0011788672659700814
6,GROVER-DeepEnsembles,0.6911145268083058,0.2853482961223555,0.036543933558277786,0.33822242512057227,0.28394216919938725,0.08065863694754058,,,,,,
7,GROVER-FocalLoss,0.6632476965771263,0.2472068437857409,0.13260986055764887,0.2874267825649844,0.35925675349103087,0.0997755181133861,0.013853109002711033,0.012103746144996801,0.0023232002222549073,0.02288283259419376,0.0005163938019359074,0.00021840045104312277
