,method,roc-auc-mean,prc-auc-mean,ece-mean,mce-mean,nll-mean,brier-mean,roc-auc-std,prc-auc-std,ece-std,mce-std,nll-std,brier-std
0,GROVER-none,0.64374326625656,0.5519218723428612,0.030438692619403202,0.20373170326153436,0.23572474221388498,0.059851413991739294,0.023497386802692796,0.025543328293948887,0.005078321164998486,0.032225080217283555,0.004108736628299839,0.0007590032046725803
1,GROVER-MCDropout,0.6534450700309318,0.5555768996879112,0.022220080563177664,0.19354691604773203,0.23293647666772208,0.05940475594530028,0.020149024913776747,0.02407338988886835,0.004072153594846263,0.032962703141647114,0.0028730960367525896,0.0004983567080731978
2,GROVER-TemperatureScaling,0.6425815869043895,0.5515484797037193,0.017865358851850033,0.14030023167530695,0.23374919841686884,0.05935963797721667,0.024005399242527595,0.025139941946196568,0.0032077523788320746,0.027633966880622595,0.0050389613056983085,0.0006649794209554403
3,GROVER-SWAG,0.6838265619388547,0.564050415717823,0.026785921926299732,0.1403488889336586,0.23061789075533548,0.05885747239123176,0.012408211846997183,0.02961019105674731,0.006449212704047933,0.07810081419662065,0.0030504162989787465,0.000663466262787532
4,GROVER-BBP,0.6018793660723595,0.5213464343959288,0.033868591922024884,0.14046547065178552,0.24217878033717474,0.06091691534447533,0.034551944986059756,0.005538045054698043,0.0028083311466734176,0.009140289285252134,0.0032326691820392115,0.0004802317840591322
5,GROVER-SGLD,0.46009250570558047,0.4959361513191178,0.4365117351214091,0.5993248224258423,0.7050041854381561,0.2557867181811632,0.08777648907593083,0.0130787585840449,0.03554783844287414,0.04025282671448863,0.06501732814084253,0.03212470500679221
6,GROVER-DeepEnsembles,0.7038890626629131,0.5539282951394058,0.034795040264725685,0.07382648438215256,0.2310730591416359,0.05907414591955916,,,,,,
7,GROVER-FocalLoss,0.6328079565333241,0.5359909664561182,0.21159110714991888,0.4058733234802882,0.38971459368864697,0.11087911754439465,0.021985144948318547,0.01793656780584995,0.005417434219659499,0.059450548081704795,0.006372084075900904,0.0026533958704609705
