,method,roc-auc-mean,prc-auc-mean,ece-mean,mce-mean,nll-mean,brier-mean,roc-auc-std,prc-auc-std,ece-std,mce-std,nll-std,brier-std
0,Uni-Mol-none,0.3712977453196545,0.4485577170861494,0.1999206691980362,0.492950975894928,0.754440168539683,0.2794856118771386,0.1533211444188998,0.082271871822006,0.03566202363333592,0.13830349237558068,0.02160969025583783,0.010053200034518124
1,Uni-Mol-MCDropout,0.369848721961398,0.448898884512134,0.20522688329219818,0.32962634166081745,0.7511917948722839,0.27800862048369557,0.1569329304852863,0.08486998245991142,0.051316921957316804,0.1759801058455837,0.020301845554827214,0.009500070023382448
2,Uni-Mol-TemperatureScaling,0.3712397843853243,0.4485391301112894,0.1811369607845942,0.4260159432888031,0.7317240436871847,0.2688874699263719,0.15337554059721006,0.08228772583664874,0.03400432552267943,0.06373507994123175,0.014928506575787455,0.007178269641277066
3,Uni-Mol-SWAG,0.4296644061902278,0.47087960000919415,0.15127881864706674,0.2248112459977468,0.7330482800801595,0.2695337083009042,0.14078051147507753,0.07586198190941541,0.023688209574441864,0.04749405559026435,0.008858550823623218,0.004213735538360574
4,Uni-Mol-BBP,0.595780443980757,0.6054055741645393,0.1614019125699997,0.24157040317853293,0.7360666791598002,0.2708782010193121,0.06708516823918702,0.05774446579741857,0.01914092837019519,0.07080480131368233,0.009623804986820191,0.004544741139010385
5,Uni-Mol-SGLD,0.7189474294325624,0.7258748451363012,0.14144398272037506,0.3141152759393056,0.6737196842829386,0.24053849066522706,0.02907028335615448,0.04415365576522553,0.02183244788927027,0.012233104572358924,0.009050981656453924,0.0044956858021937855
6,Uni-Mol-DeepEnsembles,0.6798817596939662,0.6398757370179659,0.1542677879333496,0.1542677879333496,0.7370027899742126,0.2713940665337806,,,,,,
7,Uni-Mol-FocalLoss,0.3511853011070538,0.43884167874925084,0.27201488614082336,0.512520988782247,0.7977180679639181,0.2985287657876387,0.1449846401623985,0.07559988434090419,0.04136064401938881,0.07243683016701084,0.030112809427619208,0.013100442970581026
