,method,roc-auc-mean,prc-auc-mean,ece-mean,mce-mean,nll-mean,brier-mean,roc-auc-std,prc-auc-std,ece-std,mce-std,nll-std,brier-std
0,Uni-Mol-none,0.5702360471242315,0.1258912731615093,0.05562683328753337,0.0874370449843506,0.335205195678605,0.09052050536534723,0.0065216561497048325,0.0017326569237032807,0.000803528719859479,0.009361403345841185,0.000923714583138037,0.00020857725256350846
1,Uni-Mol-MCDropout,0.5696336640866934,0.1259424439589023,0.05186569925475245,0.08786725806486277,0.32972359119190114,0.0899607465393098,0.005626878295448642,0.0010941075233167853,0.0003648786322821544,0.01261262753061292,0.0006996018361389819,0.00017525849621482858
2,Uni-Mol-TemperatureScaling,0.5701631532561535,0.1258645553041063,0.015278157710175341,0.11888517584237786,0.30358800954288906,0.08621908828965685,0.006586806570621207,0.0017698230515473146,0.0011989577731138011,0.0306276434233133,0.0001022857161166364,3.5699529398630326e-05
3,Uni-Mol-SWAG,0.5936369893854327,0.13016180258558419,0.029313378760384187,0.10047323996615078,0.30702806636691093,0.08677924646764547,0.005620619630186482,0.0018315506196129017,0.0010868843075295537,0.016193348532570057,0.0005233597850905236,8.138291831345935e-05
4,Uni-Mol-BBP,0.5504745681970588,0.12237740605892018,0.04718907623707006,0.07531084875679678,0.32492061373260284,0.08959408157381264,0.018417763858630015,0.0033024699026251193,0.0021014227319834378,0.011581187686988239,0.002108344701383566,0.0002379438475547336
5,Uni-Mol-SGLD,0.49269018154514127,0.10396536633944846,0.4021811207963361,0.5003305839167701,0.7135316448079214,0.25993154561233306,0.008913338639310327,0.0033533267594874714,0.011849098937677776,0.021565433494514202,0.021623204167743416,0.010374858968759882
6,Uni-Mol-DeepEnsembles,0.5866437903201528,0.12573601160023837,0.05455492530018091,0.06554200251897176,0.3334846645593643,0.09012574074789993,,,,,,
7,Uni-Mol-FocalLoss,0.5619803459021163,0.12548171547888207,0.04724437614075012,0.14496727618906233,0.3182897853354613,0.08879802433511463,0.006706383799280595,0.003915471979441558,0.0029729993194171182,0.023342830177246098,0.001987138220477245,0.0004172123580686985
