,method,rmse-mean,mae-mean,nll-mean,ce-mean,rmse-std,mae-std,nll-std,ce-std
0,Uni-Mol-none,1.0916880082094413,0.9068821531191255,0.6445572369130709,0.005457157071763745,0.021007844774060733,0.020266368906157115,0.018908222285527927,0.0013846473763913245
1,Uni-Mol-MCDropout,1.0928782140471394,0.9080038586032525,0.6442080324733822,0.005447041780769278,0.021633261312567327,0.020807198469428915,0.019198544668756257,0.0013602550159431057
2,Uni-Mol-SWAG,1.082237210739266,0.8985885054041945,0.6144129563794873,0.004496985468047799,0.011405411146166305,0.011452335531777989,0.012055270332238452,0.0003696272096135834
3,Uni-Mol-BBP,1.1002909186746548,0.9112012855924498,0.8454293103449398,0.012405474796302204,0.019772228382138036,0.01595051214284438,0.05799131927338396,0.0022055373655460965
4,Uni-Mol-SGLD,1.179550027215226,0.9567392668437767,0.681222152808049,0.013466429309786,0.06435189728643814,0.019007005097423972,0.04688728167404955,0.0051154597591709094
5,Uni-Mol-DeepEnsembles,1.0863282838391473,0.9018960842362163,0.6421128655001845,0.005218488110325487,,,,
