,method,rmse-mean,mae-mean,nll-mean,ce-mean,rmse-std,mae-std,nll-std,ce-std
0,Uni-Mol-none,2.2125911364433217,1.7134155529454616,1.316819526165647,0.007763260370881253,0.025787429184616337,0.048154669527047576,0.01119862854874003,0.005377075388125946
1,Uni-Mol-MCDropout,2.21549271436999,1.7118493204413348,1.316909210033686,0.007805813629325147,0.022314098669202774,0.04264374889731583,0.010566236119605207,0.005319141451658811
2,Uni-Mol-SWAG,2.180872018793508,1.6573170287670573,1.288344429091561,0.008495174249056743,0.0257597830148017,0.029447345436478464,0.021028301805135624,0.0035413476368337292
3,Uni-Mol-BBP,2.196406491903628,1.7222736241795733,1.3008127927701243,0.005299949585943021,0.12259028489492045,0.09961964051724016,0.06251864927839955,0.0041998316252637525
4,Uni-Mol-SGLD,2.3596486132571335,1.8830682995833339,1.4158372142415272,0.013900255356295988,0.0598623491180488,0.07342912536208701,0.08081059613204312,0.00365971485056577
5,Uni-Mol-DeepEnsembles,2.1476241616052185,1.6524485253111614,1.266949709317117,0.005279211859443125,,,,
