,method,rmse-mean,mae-mean,nll-mean,ce-mean,rmse-std,mae-std,nll-std,ce-std
0,Uni-Mol-none,3.903361155276304,2.879056775527809,1.8778937244031972,0.020650214222928207,0.40918240389558996,0.3541597083185739,0.0965130147999144,0.015015840569655473
1,Uni-Mol-MCDropout,3.910322928214813,2.883620065950685,1.8813203525795936,0.020925279042640032,0.41416633145263254,0.361221301411695,0.09897078020617443,0.01512599862522889
2,Uni-Mol-SWAG,4.17456556727976,3.1271608935678086,1.9582012222103942,0.036006726507806924,0.27493307112443005,0.27178912457837,0.07863356828297786,0.012797862566057243
3,Uni-Mol-BBP,4.0000981104365065,3.011004514529056,1.9486426747701315,0.027593083808923575,0.2700699379175628,0.25067456627988827,0.12186643915907981,0.019636640352968655
4,Uni-Mol-SGLD,4.15749609620256,3.1163761669847276,2.0574285592142694,0.032107479282569705,0.022242708656467155,0.06265120590259499,0.10450014268560269,0.006614991560685846
5,Uni-Mol-DeepEnsembles,4.0415592395806765,2.982311877452851,1.9717705087318034,0.02871929627998429,,,,
