,method,rmse-mean,mae-mean,nll-mean,ce-mean,rmse-std,mae-std,nll-std,ce-std
0,Uni-Mol-none,183.5096059614929,148.38219095153968,5.790757914943857,0.01796614605210352,9.588128897077135,9.82763147441518,0.03531126777286787,0.0050712965419367146
1,Uni-Mol-MCDropout,183.71097507752833,148.56602764662497,5.79083615335714,0.017821621893828025,9.198653743382243,9.387451398173067,0.03356400478432276,0.004758833575340825
2,Uni-Mol-SWAG,171.66908184832843,137.15722612085972,5.714678718402264,0.011090640555564581,1.7586289950168201,2.1770436075981356,0.007816585502871471,0.0008066653117207861
3,Uni-Mol-BBP,178.00569443384617,142.91589000366483,6.0872908518404145,0.01934217527163352,3.9909907960991067,3.6271273029057456,0.00823334108185337,0.0007151049031901961
4,Uni-Mol-SGLD,226.7307494757989,188.45447180619553,6.008986053425662,0.04580405458630151,21.261933100578027,19.448256669993132,0.1955528148100607,0.03218936747080836
5,Uni-Mol-DeepEnsembles,175.60946832590614,140.66288897819925,5.765785380454529,0.012881418821702217,,,,
