,method,roc-auc-mean,prc-auc-mean,ece-mean,mce-mean,nll-mean,brier-mean,roc-auc-std,prc-auc-std,ece-std,mce-std,nll-std,brier-std
0,ChemBERTa-none,0.883503666824284,0.8865762443704636,0.12397385388612747,0.5574521025021871,0.5182205239931742,0.14918724732372554,0.004411071292839172,0.020710422933579106,0.022614012941142958,0.154049924192292,0.08124917863357604,0.007182115814406304
1,ChemBERTa-MCDropout,0.8824694615469716,0.8794870863546547,0.09779274215300877,0.48664257923762005,0.4543960889180501,0.14472011488417438,0.012412180376443167,0.010343087409437485,0.009945827226283442,0.16726882283512617,0.008240002707796746,0.0072515469854315
2,ChemBERTa-TemperatureScaling,0.883503666824284,0.8865762443704636,0.10765055815378825,0.4785912136236827,0.456557164589564,0.1426907849984834,0.004411071292839172,0.020710422933579106,0.020066392252193734,0.19091904777906088,0.027428078316930907,0.0029347563735204925
3,ChemBERTa-SWAG,0.8867936790738941,0.8892388215558361,0.12478944410880406,0.6029873689015707,0.5286069512367249,0.14794823116899639,0.005867607359603201,0.025154456935067886,0.026525796519543086,0.0727909982605338,0.09638554415941658,0.010266153882246262
4,ChemBERTa-BBP,0.8918188866654272,0.8878665889240663,0.12299056351184845,0.578553835550944,0.5192322830359141,0.1468299506750392,0.005748650742224846,0.018306483216406322,0.036204753899244525,0.05388026227116692,0.0660654230362003,0.01169205395832233
5,ChemBERTa-SGLD,0.884596904102713,0.8807682166645501,0.13618851701418558,0.6401229699452718,0.5406019190947214,0.14378600045919332,0.009210232811010459,0.028689920616360495,0.004640963849823226,0.06810943469730575,0.07744597711725268,0.007293147588911968
6,ChemBERTa-DeepEnsembles,0.8959190511817529,0.89431812848599,0.12192938228448232,0.5999164779980978,0.47146304448445636,0.1370448165270306,0.005818354261316263,0.025485880432119735,0.014119296432104281,0.07350830666904806,0.04407150668504527,0.00708868696253841
7,ChemBERTa-FocalLoss,0.8883515003542747,0.888169930213467,0.13705595831076303,0.4797235429286957,0.4489980638027191,0.14365274766579753,0.009612827324282518,0.02407085797164417,0.035688395690521464,0.03171833660535045,0.032819506232049184,0.011031367987158511
