,method,roc-auc-mean,prc-auc-mean,ece-mean,mce-mean,nll-mean,brier-mean,roc-auc-std,prc-auc-std,ece-std,mce-std,nll-std,brier-std
0,DNN-rdkit-none,0.9214719362767058,0.9706649058828495,0.08382755021254222,0.7223854263623556,0.37215660015741986,0.09182519069167645,0.025400526558234438,0.01114538993658989,0.004692942861069804,0.14562582979072966,0.027494727747508118,0.0051930293527075394
1,DNN-rdkit-MCDropout,0.9225936340912756,0.9712961996964965,0.06827028095722198,0.6078719894091288,0.3156154255072276,0.08641576946001994,0.02441327416699306,0.010470894648469401,0.0006795460612273124,0.1123856684276395,0.015121498992918784,0.007896907305499414
2,DNN-rdkit-TemperatureScaling,0.9214719362767058,0.9706649058828497,0.07112364967664082,0.6534629861513773,0.3131127158800761,0.0877946011328715,0.025400526558234438,0.011145389936589941,0.00346440620705738,0.10002475395751197,0.01411922700257477,0.006337939694584472
3,DNN-rdkit-SWAG,0.9204764987128721,0.9701453654143783,0.0816477785507838,0.6901439428329468,0.33579373359680176,0.08764394849439867,0.023424969322761623,0.010707707570398737,0.006513267064908432,0.08423224574586535,0.02471071984292713,0.008076542451381076
4,DNN-rdkit-BBP,0.9237726404642025,0.966506073461328,0.08463020374377568,0.6501625378926595,0.37516188621520996,0.09318618761770774,0.014867817233678445,0.010370542380260197,0.018750612862024226,0.07039748353278358,0.06748650534296764,0.011273210485665121
5,DNN-rdkit-SGLD,0.9171732792500613,0.9688324026696472,0.08648188163836797,0.606058140595754,0.39304879307746887,0.09049781599909479,0.028354595846982928,0.013730136642290607,0.012498596592067914,0.0561006713273995,0.07350212923602863,0.0071503553722393745
6,DNN-rdkit-DeepEnsembles,0.9225654576322815,0.9650513319027064,0.07000184183319409,0.6244476834932963,0.33237652977307636,0.08559481434221826,0.008774276914312977,0.010803738891032111,0.012035045505715262,0.23895200138042086,0.021952345281950687,0.006566110967756455
7,DNN-rdkit-FocalLoss,0.9180238066440897,0.9699786415853562,0.12135993937651317,0.3655815323193868,0.35060105721155804,0.1038437753396257,0.014159339080241294,0.00540308854451621,0.052769029687351074,0.05766810422159332,0.059925540748852035,0.01880922608178461
