,method,roc-auc-mean,prc-auc-mean,ece-mean,mce-mean,nll-mean,brier-mean,roc-auc-std,prc-auc-std,ece-std,mce-std,nll-std,brier-std
0,DNN-rdkit-none,0.8850183214480075,0.8776323033474265,0.11228176206350327,0.6764893929163615,0.4820307791233063,0.13802166784037487,0.022008130789064655,0.011638953390839608,0.0232792751821624,0.08441229419149875,0.07231202619691887,0.02662474586315896
1,DNN-rdkit-MCDropout,0.8909681012125956,0.8877633874074965,0.09693474570910136,0.48237140973409015,0.432814081509908,0.1343860487987253,0.024514656901774172,0.019060096856544282,0.013372672877647046,0.0868935098214146,0.05938168277605036,0.021484084834736406
2,DNN-rdkit-TemperatureScaling,0.8850183214480075,0.8776323033474265,0.10216808319091797,0.5851560433705648,0.44753530621528625,0.13593828213866901,0.022008130789064655,0.011638953390839608,0.0018990919745281356,0.021898163906938307,0.06238709258501042,0.023095012980519983
3,DNN-rdkit-SWAG,0.8898118381836086,0.8823549010492074,0.10192326207955678,0.5746171971162161,0.4346133569876353,0.1346282920311931,0.0220034735599077,0.014457025406371943,0.0069694437642686315,0.09554092930148797,0.052503535683302835,0.021117087427344847
4,DNN-rdkit-BBP,0.8783712172406468,0.8754105550444624,0.1101449007789294,0.47180189689000446,0.4954328040281932,0.14140989731743323,0.013319659111333199,0.006270842517942029,0.025629238245543366,0.12397934489735746,0.07549229136000665,0.015596898148268082
5,DNN-rdkit-SGLD,0.8829943977594402,0.869493255809592,0.11188603937625885,0.6451876560846964,0.47064923246701557,0.13596167727715733,0.02138221856868332,0.024103390978425024,0.029367539351974146,0.05854710591805753,0.07925412517921898,0.0244140138814061
6,DNN-rdkit-DeepEnsembles,0.887212794682883,0.8816521485800056,0.09719892342885335,0.4156826933224996,0.45724648237228394,0.13080245630524387,0.022255195473915496,0.008749094511535181,0.010129226703787875,0.10589452142486935,0.07121269269178486,0.025213995603747815
7,DNN-rdkit-FocalLoss,0.8883619317397713,0.8680150641145983,0.13508312900861105,0.3435973525047302,0.4622624119122823,0.14707368252789496,0.016665877951220792,0.017205841969207596,0.0227641752307315,0.058383019672848535,0.023936189939061225,0.007211416585013496
