,method,rmse-mean,mae-mean,nll-mean,ce-mean,rmse-std,mae-std,nll-std,ce-std
0,DNN-rdkit-none,0.6790016858813512,0.5007228453670097,0.6158188095133649,0.036453195085038304,0.04146196415949219,0.025335956805948176,0.16910195848571216,0.004856174699584735
1,DNN-rdkit-MCDropout,0.6732011510440999,0.4970688068140687,0.5558464331416338,0.03658980569867151,0.039754083555846406,0.02863555775384252,0.12080478048253061,0.004823336198267688
2,DNN-rdkit-SWAG,0.6698575015149378,0.4926151044407536,0.6207850663333966,0.037005622903044606,0.0440947889395011,0.027699094719182086,0.14770515742905324,0.005163571877560134
3,DNN-rdkit-BBP,0.6832962303735032,0.509218145087239,0.2680926092345635,0.028126612201417416,0.04439789345021409,0.022233302122551833,0.20261797073070487,0.004026188492931919
4,DNN-rdkit-SGLD,0.681927222143603,0.5089646417051233,0.12180739118268735,0.013401518928539182,0.04273427591711497,0.022174285465487865,0.05540879882809917,0.0009768768510127254
5,DNN-rdkit-DeepEnsembles,0.6398884758192775,0.46899939990034895,0.32423014815443385,0.03488226101519231,0.04022589894905226,0.019874178589337897,0.1516616056401427,0.00044611587360611255
