,method,rmse-mean,mae-mean,nll-mean,ce-mean,rmse-std,mae-std,nll-std,ce-std
0,GROVER-none,0.5716863682288593,0.39570418601331286,0.6372754885040618,0.04459884197635507,0.03197648125436473,0.014416817036353604,0.028118055091430203,0.0016206635708247927
1,GROVER-MCDropout,0.5632732805281032,0.38999627776414975,0.5493492381066174,0.044119119781984746,0.03488308861396505,0.016263119262107457,0.050043012715700455,0.0017697419123334302
2,GROVER-SWAG,0.5598806404364937,0.38511516188127964,0.5192244528256286,0.044048396009820835,0.033988353711907275,0.011675928721196759,0.13694204632110485,0.00019568965083782263
3,GROVER-BBP,0.563806666512708,0.40210604003412137,-0.0783407107379571,0.02324432358070067,0.03143440478503458,0.008781208418062958,0.05321788986710207,0.0009617360840617253
4,GROVER-SGLD,0.5596804774474172,0.3958040614725948,-0.09147292879399127,0.027140677211894695,0.040884319128067934,0.017065519260389708,0.08557356559017486,0.0006113540271838098
5,GROVER-DeepEnsembles,0.5538594541899902,0.3833247004709255,0.49417934234983746,0.0446748642597297,0.03141085581290736,0.013415122286066746,0.12468153621871261,0.0010029223591471528
