,method,roc-auc-mean,prc-auc-mean,ece-mean,mce-mean,nll-mean,brier-mean,roc-auc-std,prc-auc-std,ece-std,mce-std,nll-std,brier-std
0,Uni-Mol-none,0.8666270003823118,0.5334917757363767,0.030187633496502206,0.5935890765653716,0.17725623792244327,0.04662534549703381,0.013766308560445003,0.04387311860649325,0.0015998711846186462,0.008119224031883945,0.00516624217217644,0.0012038278180348837
1,Uni-Mol-MCDropout,0.8667065541313059,0.5341831616836367,0.02919438688291444,0.5848054993483754,0.17579385172575712,0.04654169229354835,0.013881010357649938,0.043913468010563506,0.00211662942688179,0.010586921149264015,0.0049683617931745765,0.0011957761062683862
2,Uni-Mol-TemperatureScaling,0.8661421127435984,0.5334689121311981,0.02952990321339005,0.5565689388248655,0.17272873791969487,0.046425507670294734,0.013560950801469828,0.0440195558165283,0.0007988851299342449,0.024868507729925115,0.003654140688714881,0.0009634183969456002
3,Uni-Mol-SWAG,0.8666359956572517,0.5571778338679974,0.030807396060683657,0.5568788763549593,0.17785688448283407,0.045245431838441534,0.017045343188376447,0.03781205223836357,0.0017862467018097676,0.04715317522655944,0.004196615649279538,0.0009828153907190944
4,Uni-Mol-BBP,0.8730934013187968,0.5282388498113845,0.02593470835644338,0.5518160127103329,0.17307138070464134,0.046936897248232766,0.010702629652472458,0.03619495216498537,0.0031392322134013886,0.02578740865238984,0.004634801254463481,0.0012729855303257626
5,Uni-Mol-SGLD,0.8663091599993548,0.551475741601361,0.033320705846158996,0.5932222977280617,0.18067506359269223,0.046977134891023654,0.014866842187407513,0.035002926908949156,0.002715152349197592,0.030548047864186606,0.005784301167896913,0.0010673740996100466
6,Uni-Mol-DeepEnsembles,0.8778285868268073,0.5631392449924895,0.026205572273789182,0.48870182285706204,0.16600931415127382,0.0440314538103519,0.008987757463116933,0.03915554807611857,0.0023656241203603326,0.02797466027727437,0.004344741142243274,0.000837982939887237
7,Uni-Mol-FocalLoss,0.8631259377684645,0.5088056882515314,0.08235796396103169,0.4849367696377966,0.2153751603845093,0.0543021812670715,0.007116544428087283,0.0301565398360572,0.009309062704705714,0.026250917233280657,0.00972105433895026,0.0028315075816539616
