,method,roc-auc-mean,prc-auc-mean,ece-mean,mce-mean,nll-mean,brier-mean,roc-auc-std,prc-auc-std,ece-std,mce-std,nll-std,brier-std
0,Uni-Mol-none,0.9284587797965681,0.9720926436558602,0.07853156576553981,0.608738124370575,0.31653521458307904,0.08096060560392743,0.012567012805765635,0.005469898788511343,0.010336579343935719,0.03600810118997351,0.033222528920411123,0.010777660569679512
1,Uni-Mol-MCDropout,0.9283697484575367,0.971992260317457,0.0750352715452512,0.6054712136586508,0.3124113082885742,0.08066780900292321,0.012491061746012671,0.005498005869640511,0.008730469159689754,0.03515719621283261,0.032194612468660976,0.01066666760161613
2,Uni-Mol-TemperatureScaling,0.9271952552455697,0.9713209943621641,0.06873422488570213,0.5654627581437429,0.28378568092981976,0.07895437213783744,0.012065803274052838,0.005454195867377689,0.00940523683071004,0.12388820377306964,0.023068620354048025,0.009874629060769018
3,Uni-Mol-SWAG,0.9358987909656148,0.9729052451413417,0.07966509213050206,0.5943181316057841,0.3232846756776174,0.07920869615607334,0.004818921788120143,0.005621198850195152,0.008577962675758012,0.10765820146815143,0.026563509465992906,0.009130637053571039
4,Uni-Mol-BBP,0.917515264115107,0.9643765673930488,0.07059187442064285,0.5972915490468343,0.3255567252635956,0.08088188256105833,0.01212371180105123,0.007192608009255016,0.004731415760627186,0.11326967000502552,0.02619843188789767,0.009380987096576516
5,Uni-Mol-SGLD,0.9233662021358562,0.9649463944704054,0.0868949939807256,0.5707342823346456,0.3671042521794637,0.08459419877952377,0.006937713455582334,0.008749820290264844,0.005347957812865901,0.06836193952084293,0.02618581313643989,0.010894356357057757
6,Uni-Mol-DeepEnsembles,0.9340867363089586,0.9742657342406359,0.06519428143898646,0.6623690724372864,0.29249932368596393,0.07661823508445738,0.01166088801572469,0.006664561302978246,0.014018690900573068,0.04723400672676642,0.04292504730221883,0.010659874755752898
7,Uni-Mol-FocalLoss,0.9242379999940272,0.9682401189002444,0.10012540717919667,0.45312569042046863,0.3201473553975423,0.09364748490397341,0.00862055979757542,0.006228120532548886,0.026126946542270647,0.15994176779504538,0.03316004189412194,0.01085777097963465
