,method,rmse-mean,mae-mean,nll-mean,ce-mean,rmse-std,mae-std,nll-std,ce-std
0,Uni-Mol-none,0.5387253436395336,0.382353596068576,-0.06896611451148439,0.03621021649377286,0.0438622106254288,0.020328943876653557,0.1127691003067043,0.0024392299608568336
1,Uni-Mol-MCDropout,0.5366992734339879,0.38123120206034883,-0.08588278300177955,0.03554663233631627,0.04372579597615798,0.020415630588180418,0.10876931302172499,0.0024368401297907008
2,Uni-Mol-SWAG,0.5076790588709558,0.35977594110470434,-0.11684776926663813,0.036907905121543925,0.04461848173483539,0.017795168876399856,0.12918021447989453,0.0018160768213888374
3,Uni-Mol-BBP,0.5631551783847657,0.41394993805457253,-0.06818866824263951,0.024838857561695696,0.05092295491665954,0.020741564351802667,0.07242492607509914,0.0038963841814834517
4,Uni-Mol-SGLD,0.5238472171919503,0.3717943578459158,-0.1524527780165019,0.026488868678214816,0.03571104180050539,0.016017131817365006,0.06179869161970203,0.0010682705832382765
5,Uni-Mol-DeepEnsembles,0.5254631979292426,0.3706338585808247,-0.13108390815946575,0.03468572262380839,0.0433545360737851,0.018697221663000703,0.1122052623908886,0.0009790387294789729
