,method,roc-auc-mean,prc-auc-mean,ece-mean,mce-mean,nll-mean,brier-mean,roc-auc-std,prc-auc-std,ece-std,mce-std,nll-std,brier-std
0,ChemBERTa-none,0.6553681882443514,0.3396394839730861,0.12090624831546903,0.5388909973092174,0.43134722447409574,0.1329618360931056,0.003720033186435278,0.0012343283418354075,0.0025524919284517418,0.00988179925711289,0.005442863859951988,0.0007587782505127303
1,ChemBERTa-MCDropout,0.6624296689000305,0.3446162266463845,0.10685529851913199,0.4778054227882009,0.407025494488577,0.12763581454075412,0.0023930382216393524,0.003832739250028018,0.0035660337580717743,0.022202653794073962,0.005202912103222919,0.0014672152308359819
2,ChemBERTa-TemperatureScaling,0.6539856061954578,0.33885410762205903,0.1067212599134273,0.5015085363600281,0.48167563798771207,0.13134565049528293,0.0041636916966429705,0.001795673352828712,0.0018671029292430669,0.0012472739176000447,0.02606093599030658,0.00039829302915677083
3,ChemBERTa-SWAG,0.6556382730141656,0.3402076123239166,0.12019988096607315,0.536365000107402,0.43047797164925544,0.13269483736172105,0.0032575290675219805,0.0014046665767349373,0.003599937956102598,0.01327463591928528,0.00639592785371343,0.0009746530884754101
4,ChemBERTa-BBP,0.5814094090757175,0.27971692288549943,0.1276426998190989,0.4434285699995489,0.4544872961734813,0.14692964994589397,0.007521647998936572,0.0035497092117136525,0.0015474360549954816,0.019045668181751334,0.0011457692392030374,0.0003250632060817005
5,ChemBERTa-SGLD,0.5436319155436496,0.27075367921289056,0.22378589251572314,0.3589952903855694,0.5601979884293561,0.18812606709548096,0.005564807400583889,0.00034271241691593543,0.0019128484911969897,0.0009691138937934695,0.0021658032502318725,0.001060666921898036
6,ChemBERTa-DeepEnsembles,0.6733251277282734,0.35374730345880223,0.10373699397457474,0.46417307224521626,0.39858752123125996,0.12583475563158886,,,,,,
7,ChemBERTa-FocalLoss,0.6442382198367902,0.32790233670904184,0.1197038007696551,0.36619657296382013,0.42430563007527194,0.1345577084389312,0.016953408354674415,0.022516257245577348,0.003707648807976419,0.10760912220859463,0.015292832375268817,0.005148975576494171
