,method,roc-auc-mean,prc-auc-mean,ece-mean,mce-mean,nll-mean,brier-mean,roc-auc-std,prc-auc-std,ece-std,mce-std,nll-std,brier-std
0,ChemBERTa-none,0.7541937586860813,0.3638916710417562,0.057052211835980415,0.6552434754040507,0.29623539580239183,0.0811620014828343,0.0009209390515539426,0.0023912810959916347,0.0019761968403879115,0.004810817817148285,0.006746046021986997,0.0009331535455706019
1,ChemBERTa-MCDropout,0.7640802806893054,0.38061183199493537,0.042294314286361136,0.5221334629588656,0.269725933464037,0.07440872375401998,0.003197803070457584,0.005153393548188415,0.0022935113050873792,0.028902829134807264,0.0031887927781507,0.0004526052474615541
2,ChemBERTa-TemperatureScaling,0.7541937586860813,0.3638916710417562,0.04242671700194478,0.5625288834174474,0.27443936467170715,0.07916311968464484,0.0009209390515539426,0.0023912810959916347,0.004030279555077804,0.02421480083337182,0.00274296451587068,0.0010735074842138771
3,ChemBERTa-SWAG,0.753769816359623,0.3661286909954584,0.05916829127818346,0.6552086621522903,0.3008278968433539,0.08181747271843792,0.00208730976198444,0.003911077827759956,0.0021610499256185596,0.0022217727826029814,0.007891634359412363,0.0011185435301028588
4,ChemBERTa-BBP,0.7433157465573231,0.3427235027239095,0.04593118709615535,0.5261777175797356,0.276474422050847,0.07800759810487097,0.00545360093617837,0.007607348514665608,0.0027816350954683834,0.026593007272317056,0.0034933144352644833,0.0013548430330372699
5,ChemBERTa-SGLD,0.7474871596750777,0.3542327794246125,0.05043715357573495,0.5572674084040853,0.2783677486909761,0.07951912089049375,0.0036288921324918975,0.008161446177526913,0.0037503210524181983,0.029875682279982996,0.0029925097131819575,0.0013790572110281701
6,ChemBERTa-DeepEnsembles,0.7680661301720378,0.3948812889890405,0.04401182057335973,0.5287118628621101,0.2679034372170766,0.0750116116815654,,,,,,
7,ChemBERTa-FocalLoss,0.7523163753990253,0.35716465439759104,0.0969234025105834,0.42971200537350446,0.3052381554411517,0.0845263280065212,0.0021885703789274675,0.005169805474644491,0.0012300624639888084,0.022873900876150724,0.0017665967275486871,0.00037427672065499607
