,method,rmse-mean,mae-mean,nll-mean,rmse-std,mae-std,nll-std
0,ChemBERTa-none,1.0044493180511687,0.7989287937808474,2.2802711550321244,0.03575694125040475,0.02163755327781657,0.12183636269284662
1,ChemBERTa-MCDropout,0.9496635979674622,0.7619984650899781,1.4258093145989337,0.02706635061489737,0.017634218477251468,0.1904968733310401
2,ChemBERTa-SWAG,0.996625026409974,0.7940459562730487,2.581452510563322,0.03342660381898544,0.020637180060109173,0.24703072119742225
3,ChemBERTa-BBP,1.0124950653108165,0.813905882647251,0.5990488182306909,0.011303512393132532,0.011045872863404579,0.04989415882627785
4,ChemBERTa-SGLD,0.9978172113072468,0.8083441116043913,1.2727410367178056,0.03403695143138777,0.022515483526024782,0.07105372115629566
5,ChemBERTa-DeepEnsembles,0.9752470487776349,0.7763041893718533,1.4980637426574643,,,
