,method,roc-auc-mean,prc-auc-mean,ece-mean,mce-mean,nll-mean,roc-auc-std,prc-auc-std,ece-std,mce-std,nll-std
0,ChemBERTa-none,0.6145969776607455,0.6342858681914826,0.14829895322291572,0.6411684891323984,0.5740122230332575,0.007778949020658931,0.006181572942061208,0.010246472551435789,0.014070113758739514,0.02174883717057704
1,ChemBERTa-MCDropout,0.6165580103602233,0.6394190476325281,0.11362532683199754,0.5353490561246872,0.5190880378639257,0.002181467475298369,0.009535904987427977,0.014264448459552494,0.023384394755106876,0.01313308265721281
2,ChemBERTa-TemperatureScaling,0.6145969776607455,0.6342858689740304,0.12746145600384032,0.6082253513144859,0.5256208060884182,0.007778949020658931,0.006181573552798707,0.010382085045367397,0.02969759144226176,0.0138377378959459
3,ChemBERTa-SWAG,0.6148708223826388,0.6347568612999978,0.1526615521238174,0.6528026564621631,0.5835985960783782,0.009467627541678894,0.005975102453307148,0.009047866124763673,0.030948816577453905,0.02298659622617113
4,ChemBERTa-BBP,0.6067064859588681,0.6198350471196764,0.11838210972002994,0.5041631322216105,0.5127014427641291,0.010771561074443941,0.004536402866142445,0.0018231751062916994,0.06243776460564553,0.004335117860769751
5,ChemBERTa-SGLD,0.6126917501832262,0.6295174258434137,0.12987903758515548,0.5565491839323514,0.5254969950075502,0.01103783453015474,0.004666452133344886,0.011795570738521194,0.04190281367632567,0.015740949944685716
6,ChemBERTa-DeepEnsembles,0.6193158793797657,0.6376483563491046,0.1304505343583447,0.6846993157157192,0.539614531453009,,,,,
7,ChemBERTa-FocalLoss,0.6118952322613292,0.6288812357749856,0.14980806497696006,0.480507621794571,0.5345885523675401,0.010487261392883557,0.011094192718201383,0.013641434323787496,0.09843999097951912,0.012932460226328393
