,method,roc-auc-mean,prc-auc-mean,ece-mean,mce-mean,nll-mean,brier-mean,roc-auc-std,prc-auc-std,ece-std,mce-std,nll-std,brier-std
0,ChemBERTa-none,0.6694506912073596,0.07946472379961704,0.0029639044323832623,0.5839544035985859,0.02405930132501655,0.002886574476464882,0.034294061644732435,0.026028893185501913,8.585199712275061e-05,0.06467357568149759,0.0011274531415342403,2.4514758483508188e-05
1,ChemBERTa-MCDropout,0.7168293032327915,0.07019837648812276,0.0026364125453660057,0.42194428313782234,0.02299262632926305,0.0026447053143721813,0.009980967773839144,0.01611424795626651,0.0002885069633553156,0.12582767687411692,0.0027018834865165245,0.00012962359747439506
2,ChemBERTa-TemperatureScaling,0.6694506912073596,0.07946472379961704,0.002602605257804195,0.5799158768521414,0.01956140798413091,0.0029009889595256306,0.034294061644732435,0.026028893185501913,0.00025320087341788557,0.03265135002797684,0.0009697685880419226,3.3464374781777326e-05
3,ChemBERTa-SWAG,0.6671991322510441,0.08659894359159753,0.0030654536094516516,0.6289678586595174,0.026129601750936773,0.0029430716430786353,0.03418633486681826,0.028165043130173005,2.3013269239223264e-05,0.06164068050886865,0.0014887056621184645,1.384106737362156e-05
4,ChemBERTa-BBP,0.5970206145967348,0.016476786070497292,0.0026199054622945066,0.5158047176069683,0.01978167521042956,0.0029897907389599267,0.062195074038314375,0.006596386129289623,0.0010030877487399305,0.20579883702789847,0.0018032392201990904,0.0004042784092746591
5,ChemBERTa-SGLD,0.5030085951127229,0.003824095612847437,0.007449145315008031,0.007449145315008031,0.021650899946689606,0.002571507688562692,0.03458442282524427,0.0001669345804760395,0.0003343208289877425,0.0003343208289877425,0.0002339030747617499,4.499826250462212e-06
6,ChemBERTa-DeepEnsembles,0.7224026938644946,0.07992599838933957,0.0024605628568679094,0.4856172446316729,0.01972613266358773,0.0026780501946137626,,,,,,
7,ChemBERTa-FocalLoss,0.7150247507996234,0.07336756958865993,0.02079351460173105,0.5103179123666551,0.03326226497689883,0.003995392234876909,0.0038256066711475456,0.024652210554025493,0.011917114881158243,0.10558518856163249,0.010014123641552823,0.0006895305369866274
