,method,rmse-mean,mae-mean,nll-mean,rmse-std,mae-std,nll-std
0,ChemBERTa-none,0.0376594307265628,0.020839839214662304,3.821374693757734,0.00011857945120558706,2.3122426772592085e-05,1.1599462421725006
1,ChemBERTa-MCDropout,0.03695959915156459,0.02043000958980438,-0.6884090860617517,0.00019850512395832255,7.345819574899083e-05,0.197411060967341
2,ChemBERTa-SWAG,0.037868593019370296,0.02096747457720889,5.454786837911936,0.00017489304396817428,4.361066063118696e-05,1.9399921709002064
3,ChemBERTa-BBP,0.0358184169443867,0.02063793553786603,-1.5641575171257083,0.0002585656641822249,6.025309023037767e-05,0.06995757160415458
4,ChemBERTa-SGLD,0.03617293095703077,0.021193079470827925,-3.1380432216801353,0.0001531310700970023,0.00035216998416451713,0.061113722731926126
5,ChemBERTa-DeepEnsembles,0.037304026423042196,0.020544327438048102,0.9179613108733126,,,
