,method,roc-auc-mean,prc-auc-mean,ece-mean,mce-mean,nll-mean,roc-auc-std,prc-auc-std,ece-std,mce-std,nll-std
0,ChemBERTa-none,0.7223091636237174,0.7026294584411299,0.24069776634375253,0.47635767857233685,0.7567179004351298,0.008881082958191622,0.0007892212167490941,0.01347991714348431,0.052869494668110466,0.020311394031538376
1,ChemBERTa-MCDropout,0.7613168724279835,0.7381751367898369,0.23911714553833008,0.46838730573654175,0.7464022437731425,0.021625099541834,0.02562340596148245,0.026226003137241837,0.09970150534387294,0.02570943513786606
2,ChemBERTa-TemperatureScaling,0.7223091636237174,0.7026294584411299,0.17575424909591675,0.45803629358609516,0.6937144994735718,0.008881082958191622,0.0007892212167490941,0.00587724958350149,0.07578200982453419,0.011831570224439428
3,ChemBERTa-SWAG,0.7579551382368285,0.7395821718078754,0.25386450191338855,0.5151715079943339,0.7706565062204996,0.01393451261321451,0.006201938086238094,0.009102007716483871,0.04171976499468088,0.03739405395557084
4,ChemBERTa-BBP,0.7372051237465947,0.7282995701212763,0.2766793171564738,0.552093098560969,0.8325410485267639,0.023299574682468918,0.022866991258075415,0.0031583347195438143,0.08104352965171961,0.019028315497377164
5,ChemBERTa-SGLD,0.7775459340404568,0.7782957884737852,0.24918211003144583,0.5841593543688456,0.7922179102897644,0.0205163696278774,0.012028043626232523,0.021705808583697042,0.057142825245876355,0.028268435216914238
6,ChemBERTa-DeepEnsembles,0.7350026082420449,0.7138326610874399,0.2352464199066162,0.45972591638565063,0.7457361221313477,,,,,
7,ChemBERTa-FocalLoss,0.6984872196139803,0.690357786449291,0.21403845647970834,0.46324406067530316,0.7321745951970419,0.006173859860826564,0.01515219932806889,0.007002966711287134,0.09743316486121802,0.005134699318308317
