,method,roc-auc-mean,prc-auc-mean,ece-mean,mce-mean,nll-mean,roc-auc-std,prc-auc-std,ece-std,mce-std,nll-std
0,DNN-rdkit-none,0.8301104044300791,0.6603804140063397,0.06373998274405797,0.6877480993668238,0.2718684449791908,0.02255387265208265,0.007648292941045632,0.01259631511586755,0.15553103727787707,0.048091973748556484
1,DNN-rdkit-MCDropout,0.8193763829516097,0.641999720415531,0.044478015353282295,0.5081751644611359,0.21487653255462646,0.021720669400713294,0.019761726278220128,0.005528482624711366,0.1639554405910418,0.030705305452447415
2,DNN-rdkit-TemperatureScaling,0.8299771776781474,0.6603577686799916,0.054674141108989716,0.7219027976195017,0.23710229496161142,0.022381042237661294,0.007701868458379305,0.010893385496013657,0.10390891910546485,0.00592912189154198
3,DNN-rdkit-SWAG,0.8290402460640184,0.6560396588910954,0.05904291942715645,0.6294125517209371,0.2964010362823804,0.016332078628383363,0.011925979031557768,0.011725046364360675,0.08569764315620215,0.06168404202530316
4,DNN-rdkit-BBP,0.7541233679722888,0.6198419966750004,0.057351892814040184,0.4983088771502177,0.243857574959596,0.010182079271588011,0.008464824721910673,0.01205393904677252,0.11673182081707192,0.02763940391760209
5,DNN-rdkit-SGLD,0.8334920469421565,0.6555896205096535,0.0566654143234094,0.5789091736078262,0.2768714303771655,0.010861339957751685,0.041445794262650285,0.012478171692583421,0.18077300279393865,0.04515205516701671
6,DNN-rdkit-DeepEnsembles,0.815383345497515,0.7252276586398207,0.028280816972255707,0.71157506108284,0.18596389144659042,,,,,
7,DNN-rdkit-FocalLoss,0.8507478075510605,0.6521169286829992,0.08116633258759975,0.5487273434797922,0.22844173510869345,0.01647720499976552,0.041279947909233956,0.036848190491432516,0.13411160769335817,0.030480475836860383
