,method,rmse-mean,mae-mean,nll-mean,rmse-std,mae-std,nll-std
0,DNN-rdkit-none,0.03563494860421972,0.020946531234134206,-0.7810859083196258,0.00038128752411062085,7.663433652768664e-05,2.1739662733736487
1,DNN-rdkit-MCDropout,0.03516265784509509,0.020890252110106172,-2.7715536684321234,0.0002356400286885092,0.00017353227102727753,0.19215875205846195
2,DNN-rdkit-SWAG,0.03596212947496375,0.021182606305743003,-0.714278675310311,0.00017427683427113753,5.332658102571443e-05,1.580759953528261
3,DNN-rdkit-BBP,0.03696812442052575,0.021440320754655646,-0.9806792326723649,0.0001730375626187182,9.874644019529058e-05,0.5484817935744594
4,DNN-rdkit-SGLD,0.04455206976303345,0.02939230261747955,-2.705266346210239,0.0008237066447228864,0.0005266234630499941,0.018376255297342294
5,DNN-rdkit-DeepEnsembles,0.034524028628855605,0.020195806865082752,-3.011801434205841,,,
