,method,roc-auc-mean,prc-auc-mean,ece-mean,mce-mean,nll-mean,brier-mean,roc-auc-std,prc-auc-std,ece-std,mce-std,nll-std,brier-std
0,DNN-rdkit-none,0.6028900734886619,0.013856346201833824,0.0015140820537150527,0.04157692880447333,0.032612549596362644,0.002570102096277712,0.05759393758824157,0.005713246895517987,0.0003191684595852469,0.03974367829117303,0.019614883319770477,5.3223168633683205e-05
1,DNN-rdkit-MCDropout,0.628236588301863,0.015172998010724323,0.0014502593393748006,0.0014502593393748006,0.025568414934807354,0.0025342391301467963,0.052972710044790275,0.005514284816837183,0.00026875855401158337,0.00026875855401158337,0.011449708257912796,2.1804620706644286e-05
2,DNN-rdkit-TemperatureScaling,0.60585831548927,0.013848448889213763,,,0.03212630033700003,0.002710061050692828,0.05379499987559642,0.005702177820570181,,,0.014484874267752627,0.00025593832054354964
3,DNN-rdkit-SWAG,0.583031189216221,0.012407637486578115,0.002512070817950492,0.152064045270284,0.039338360954489976,0.0026561847433128737,0.039156708040979954,0.005587429074247808,0.0005999072241441657,0.04384319235881169,0.02540249255091548,7.485427144426286e-05
4,DNN-rdkit-SGLD,0.49548073902166984,0.00449290493996796,0.2380485117435455,0.2381522046195136,0.27976773613029055,0.06102864395727919,0.05090856751569823,0.0023698852832239707,0.015634260405084654,0.015539554588326322,0.02012166377588785,0.00710774695604875
5,DNN-rdkit-DeepEnsembles,0.6736278805660733,0.012906665671956613,0.0012507916059500228,0.13723387354208777,0.017547463936110338,0.0025400087207629344,,,,,,
6,DNN-rdkit-FocalLoss,0.6261073785245359,0.012939153080623099,0.07799344087640445,0.1858105776210626,0.07198493571745025,0.007583443234586494,0.03218163987657769,0.006307957463461261,0.0032631633182366726,0.013987975567579275,0.02623680188494127,0.003155637312795694
