,method,rmse-mean,mae-mean,nll-mean,rmse-std,mae-std,nll-std
0,DNN-rdkit-none,142.9279342858539,95.72003368776227,10.297639780741996,2.9477354165004206,3.251239118797648,1.0847811139108878
1,DNN-rdkit-MCDropout,138.68168864983824,90.70392376902969,7.462695507623903,2.5873036462746635,3.1530709296081896,0.4137663073104144
2,DNN-rdkit-SWAG,143.69220970878024,97.25900155145246,11.364931825989379,1.9419905099500658,1.9750182932519205,1.4063125366699967
3,DNN-rdkit-BBP,141.53331299750732,99.04300915931769,6.889726786106864,4.817944110581818,3.9286967593216238,0.8805046589929947
4,DNN-rdkit-SGLD,139.8856741381583,99.48728711916415,5.407078592090788,5.4764124478981735,2.01586218692765,0.03384310678670565
5,DNN-rdkit-DeepEnsembles,128.7182050891543,84.72685967816999,5.456801732597825,,,
