,method,roc-auc-mean,prc-auc-mean,ece-mean,mce-mean,nll-mean,roc-auc-std,prc-auc-std,ece-std,mce-std,nll-std
0,DNN-rdkit-none,0.7386097841568432,0.3214052868327087,0.04167657350707385,0.40619460369149846,0.2771099516087108,0.006120087209903375,0.025431565975186744,0.0028452777456059674,0.039870477465407395,0.002446577347967433
1,DNN-rdkit-MCDropout,0.7376252970552303,0.3289374252402004,0.03555397231442233,0.3783100485387776,0.27265050551957554,0.003923254879632093,0.02446034548976778,0.0015730962106883537,0.075626168942646,0.001579138481028728
2,DNN-rdkit-TemperatureScaling,0.7386097841568432,0.3214052868327087,0.03415514539099401,0.39939191233780647,0.27228742382592624,0.006120087209903375,0.025431565975186744,0.0026746421129937303,0.045598826739246826,0.00282018075788836
3,DNN-rdkit-SWAG,0.7363789244252771,0.3248113340305338,0.04381265364483827,0.41087292341722387,0.27928243598176367,0.004471545801319604,0.0230243346832006,0.0009830780659906581,0.032895261830409035,0.0036622102665138287
4,DNN-rdkit-BBP,0.7242816727648802,0.2659258850824549,0.042212448186344564,0.2671345952484343,0.2847172026005056,0.003621393565422037,0.0015797716919915233,0.0018992594023436065,0.02386541587603678,0.0009928406199900188
5,DNN-rdkit-SGLD,0.7256579546776055,0.25217711687012195,0.11920787456134956,0.24917013984587455,0.34550713085465956,0.0018421487722476149,0.01634247942830047,0.033224421732771174,0.01082807174300669,0.031474201080442514
6,DNN-rdkit-DeepEnsembles,0.7540268139478075,0.3545351081560108,0.03441805151912073,0.428363432486852,0.2648301466057698,,,,,
7,DNN-rdkit-FocalLoss,0.737360351949904,0.326599858006613,0.10580047644260855,0.3233660805142588,0.3161129322316911,0.0038129438957112713,0.022943741378831765,0.0059971610859544605,0.04265898084793692,0.007824875037715399
