,method,roc-auc-mean,prc-auc-mean,ece-mean,mce-mean,nll-mean,roc-auc-std,prc-auc-std,ece-std,mce-std,nll-std
0,DNN-rdkit-none,0.6721482767489713,0.7216173878675448,0.32917556166648865,0.6443699995676676,3.8146727085113525,0.01286404018956161,0.015129524747234793,0.05166172329568602,0.14741548696740095,4.078205618562312
1,DNN-rdkit-MCDropout,0.6668595679012346,0.705484625186014,0.3287295997142792,0.5367539823055267,2.169871469338735,0.015063803850903354,0.016168448876207546,0.04022623689097916,0.11699145483504052,1.7478013729915904
2,DNN-rdkit-TemperatureScaling,0.671875,0.7118570728665436,0.289043794075648,0.5344857474168142,2.1337676644325256,0.012895078411401544,0.01863940816544258,0.07421615171671801,0.16246889127150152,1.8962995379802692
3,DNN-rdkit-SWAG,0.6777263374485596,0.7293346641682822,0.3019766608874003,0.5783329010009766,4.841494560241699,0.01356228145415027,0.012023993080244027,0.06937157706154089,0.18540706275407018,5.540678755751046
4,DNN-rdkit-BBP,0.6855709876543209,0.727067703506321,0.33924179275830585,0.6284046471118927,1.8125758568445842,0.007453683901014449,0.01225743026752211,0.050582357442275315,0.19426813238829332,0.6029631346909206
5,DNN-rdkit-SGLD,0.6922421553497942,0.7198556900104753,0.3133847117424011,0.680078367392222,1.756895939509074,0.01248854454773647,0.016976018881142942,0.04873123851365965,0.033509478716095074,1.0591679043538031
6,DNN-rdkit-DeepEnsembles,0.7017746913580247,0.7498479626279773,0.2614741027355194,0.617885947227478,0.9042801856994629,,,,,
7,DNN-rdkit-FocalLoss,0.669335133744856,0.6997687277670718,0.16885878145694733,0.4606706003348033,0.8924795389175415,0.004695030946494089,0.02178654438856699,0.10556362815748117,0.19464674480416036,0.34235612830879375
