,method,roc-auc-mean,prc-auc-mean,ece-mean,mce-mean,nll-mean,roc-auc-std,prc-auc-std,ece-std,mce-std,nll-std
0,DNN-rdkit-none,0.5980620234400239,0.6225519146110122,0.11882066968713462,0.4635015136481803,0.5462190334995588,0.015231989163299367,0.008145178427450134,0.03440022503478664,0.1919080040918521,0.04691871449400437
1,DNN-rdkit-MCDropout,0.5976724407946971,0.6254849578723046,0.10714819023448881,0.470749253752055,0.524502729560122,0.01641376307030322,0.010443680258750254,0.02712355221791864,0.1099935938991537,0.03038147162761892
2,DNN-rdkit-TemperatureScaling,0.5980620234400239,0.6225519146110122,0.10329615197109955,0.4516410650110539,0.5185566267665521,0.015231989163299367,0.008145178427450134,0.02705942746989996,0.14961169471090074,0.02697650358474989
3,DNN-rdkit-SWAG,0.5987605108714164,0.6234964700737264,0.12058430966162297,0.4713696922968935,0.5476697041296664,0.020994231974160883,0.007917035814393472,0.03332335017230912,0.17067041810891492,0.0490503369262206
4,DNN-rdkit-BBP,0.573789380264919,0.6127195918877382,0.12150572787648366,0.4471607263441439,0.5241255563350372,0.027174534572388227,0.018928656177464233,0.004552264192840364,0.03622281332350623,0.007668363924575006
5,DNN-rdkit-SGLD,0.5895053460158395,0.6090522267001561,0.1559380954246462,0.2853160634820844,0.5653487668361193,0.008662793517147313,0.006851405459306258,0.011947955591357258,0.02799227174716424,0.011918373497068943
6,DNN-rdkit-DeepEnsembles,0.6157860237216907,0.6485253111403919,0.09536635027163559,0.5699690947378123,0.49501922919794367,,,,,
7,DNN-rdkit-FocalLoss,0.5864438402144122,0.6239896813430166,0.1663170034226812,0.32127493068023966,0.5605162652554335,0.007084288226324813,0.012877064275457324,0.02170840619747204,0.046857915868484305,0.019294340473954074
