,method,roc-auc-mean,prc-auc-mean,ece-mean,mce-mean,nll-mean,roc-auc-std,prc-auc-std,ece-std,mce-std,nll-std
0,DNN-rdkit-none,0.7344843791240979,0.24249802360002615,0.007724826689809561,0.5465194781621298,0.1235922301808993,0.006501405317873156,0.022507421711474573,0.0009809113714623072,0.053221924765815984,0.0016380538613407327
1,DNN-rdkit-MCDropout,0.7364703837463064,0.2455392330449744,0.006625850064059098,0.4072532157103221,0.12191081047058105,0.008786176478227077,0.01677127252415985,0.0010158317468821109,0.03201367547685846,0.001612138764196009
2,DNN-rdkit-TemperatureScaling,0.7344843791240979,0.24249802360002615,0.01360064713905255,0.6580039660135905,0.12766918540000916,0.006501405317873156,0.022507421711474573,0.0004743145172752407,0.0872018466228105,0.002143079987799161
3,DNN-rdkit-SWAG,0.7439232121130187,0.25363877320890565,0.010527136580397686,0.46364853779474896,0.12399545560280482,0.0013683649729991677,0.0022709636690854385,0.00249022724903646,0.02734845867508689,0.0013217072867620081
4,DNN-rdkit-BBP,0.7541377778636127,0.25802796608730993,0.018127496043841045,0.4936740497748057,0.12348125378290813,0.012014431939099393,0.02243791306052339,0.006491529114123936,0.2642528423616487,0.00361435997249343
5,DNN-rdkit-SGLD,0.7414221981884549,0.24828655236961036,0.016011886298656464,0.35928866267204285,0.1313178539276123,0.0019160007295931215,0.019882448696679544,0.0048161251675432615,0.04532398847296372,0.006050211461159986
6,DNN-rdkit-DeepEnsembles,0.7613067073524015,0.2963387880614655,0.0073713576421141624,0.2886618375778198,0.11597494781017303,,,,,
7,DNN-rdkit-FocalLoss,0.7338071418915004,0.2360643004383106,0.1205229510863622,0.20590668419996896,0.20586091776688895,0.007806138348774007,0.009273942231491705,0.017900654109844292,0.01914589240316231,0.017901723274758214
