,method,roc-auc-mean,prc-auc-mean,ece-mean,mce-mean,nll-mean,brier-mean,roc-auc-std,prc-auc-std,ece-std,mce-std,nll-std,brier-std
0,GROVER-none,0.6213445168152415,0.6367309354454221,0.10344742369596605,0.5661981920769186,0.502258048657282,0.16367373567870658,0.002697170740657739,0.0018742780762798894,0.006061673985462193,0.044219002688491355,0.007133031943749866,0.002129795670399746
1,GROVER-MCDropout,0.6247910339291058,0.6382272513809558,0.09688730052683825,0.5421825546173401,0.494229218474141,0.1615896801083437,0.0059622930897638175,0.0012949431871517676,0.003462791586706751,0.027011290106000688,0.005660165531099801,0.0017908272887358209
2,GROVER-TemperatureScaling,0.6209452666996671,0.6364454125559443,0.09388584723799592,0.5517588659293121,0.4934812611267891,0.16177265530293009,0.0029958009315698467,0.001852386226746853,0.00397542038778054,0.027310773770486494,0.00462873718075163,0.0018030345245305267
3,GROVER-SWAG,0.6133026044704024,0.6367966861780353,0.11830419642321859,0.6182096610650604,0.5279864717596844,0.17017704343894022,0.002389464948421164,0.0013366083171950243,0.0015969810517606744,0.033098426890261046,0.006576735640811257,0.0019013972515406078
4,GROVER-BBP,0.4876182879761047,0.5711873363042946,0.2654526617469979,0.2795505887932248,0.6879119203414445,0.24738821673589903,0.009724721303706564,0.0057168001484087525,0.0041956557769898695,0.007588203372647594,0.005734061237428195,0.002863062553341742
5,GROVER-SGLD,0.5989007787250968,0.6208244428797851,0.10124346393126028,0.4464099489060449,0.5016702016194661,0.1636520746507453,0.012925640589497406,0.006353327207163498,0.004030500359643865,0.021551739246531476,0.005098532949514581,0.001947567307701974
6,GROVER-DeepEnsembles,0.6237479794066806,0.6414431190533442,0.08784382141850612,0.5398610808231212,0.4917277831722189,0.16041133298554733,,,,,,
7,GROVER-FocalLoss,0.605936082476877,0.6303181313753118,0.18170233236418828,0.44533334580468537,0.566568848159578,0.19032370128719023,0.01645805192599834,0.004664547190720371,0.0018568241826314503,0.012832815893622502,0.0026994184964395382,0.0011214894689533588
