,method,roc-auc-mean,prc-auc-mean,ece-mean,mce-mean,nll-mean,brier-mean,roc-auc-std,prc-auc-std,ece-std,mce-std,nll-std,brier-std
0,GROVER-none,0.7808489267292607,0.41521875585059465,0.035772561431965895,0.5681637012296252,0.2472629166311688,0.06935298174550227,0.0017162969175315238,0.0017373744090511572,0.003816089373814555,0.010289277560191653,0.0021593269054295265,0.0005463161335751839
1,GROVER-MCDropout,0.7816668694281211,0.41672500244520333,0.03461263804799981,0.5976634828580751,0.24553226162162092,0.06894746108020539,0.0017712733107948181,0.0005243687448466151,0.0014696945189160838,0.031897507201512756,0.0016485062583237663,0.0005255053342753146
2,GROVER-TemperatureScaling,0.7808489267292607,0.41521875585059465,0.035772561431965895,0.5681637012296252,0.2472629166311688,0.06935298174550227,0.0017162969175315238,0.0017373744090511572,0.003816089373814555,0.010289277560191653,0.0021593269054295265,0.0005463161335751839
3,GROVER-SWAG,0.7836941935441888,0.4270186193666852,0.03594966636349758,0.5575979426503181,0.2481800514376826,0.06894610697332243,0.0017319756469928774,0.0007626790617075395,0.0008716554634393698,0.025609509276437525,0.0008572937814027836,0.00010195753583147193
4,GROVER-BBP,0.7107494008784547,0.2422008616335699,0.1043684102801813,0.4365330814487404,0.32956401424275505,0.09089213905963468,0.0017801470668919578,0.003202284999351071,0.0054926089653574055,0.09494686212129971,0.005294033525491236,0.001429718568121255
5,GROVER-SGLD,0.763518817758631,0.3944149465500051,0.04016254966457685,0.4574161362316873,0.2557818413608604,0.07156547136808096,0.0009362016673129997,0.001882880719440281,0.002449793066645623,0.01892157559944833,0.0010274807601939804,0.0002454289841439169
6,GROVER-DeepEnsembles,0.7876015497463698,0.4342889412069808,0.03162019498025378,0.5807937284310659,0.2410891136775414,0.06746615642037006,,,,,,
7,GROVER-FocalLoss,0.7778796505351103,0.43018794938935806,0.11475315979785389,0.4558314234018326,0.3051518040398757,0.08110697652361594,0.002808079676697224,0.005258174042112788,0.010196480028870258,0.013964976678004712,0.009415066660400793,0.0028435167550807596
