,method,roc-auc-mean,prc-auc-mean,ece-mean,mce-mean,nll-mean,brier-mean,roc-auc-std,prc-auc-std,ece-std,mce-std,nll-std,brier-std
0,GROVER-none,0.7978884618603423,0.2681094416474635,0.007763290622582038,0.7239397366841634,0.11328552663326263,0.026278214995806386,0.004477552377409019,0.016787756708108285,0.003234018760055693,0.13027778878376836,0.0019336691416176515,0.00048098888743038814
1,GROVER-MCDropout,0.8001808970174523,0.2761350665879387,0.007689810047547023,0.8001861969629923,0.11263344933589299,0.026144516118571534,0.0018422287049038694,0.009247053250008467,0.002766461931506605,0.1057198209526451,0.0005819410086623518,0.0001320003907822805
2,GROVER-TemperatureScaling,0.7978884618603423,0.2681094416474635,0.007763290622582038,0.7239397366841634,0.11328552663326263,0.026278214995806386,0.004477552377409019,0.016787756708108285,0.003234018760055693,0.13027778878376836,0.0019336691416176515,0.00048098888743038814
3,GROVER-SWAG,0.802050380785003,0.29217949142292005,0.009030763680736223,0.716996967792511,0.1118491639693578,0.025758550639331565,0.0033009646933227607,0.010547810488450906,0.0019129833417209263,0.11311144431984334,0.0018381030543880462,0.0004500570951479997
4,GROVER-BBP,0.5894635534354339,0.0724824529113828,0.07046613469719887,0.16598848874370256,0.17803044617176056,0.03680577323970876,0.041954706647705856,0.027709007363300075,0.041443780542315914,0.17031235923664534,0.028405752377483964,0.005315514716893705
5,GROVER-SGLD,0.7419664986448818,0.2656134870793061,0.020009558647871017,0.522652288277944,0.12311045328776042,0.027172425439829447,0.01308185404038149,0.006355367605003919,0.0011550498202982102,0.06248635909979809,7.85571501455389e-05,2.637126201760359e-05
6,GROVER-DeepEnsembles,0.8103149925645532,0.31567724635243494,0.0035019090864807367,0.39454537630081177,0.10808087140321732,0.025072817770293552,,,,,,
7,GROVER-FocalLoss,0.7745553216554976,0.25387998937201967,0.12861586610476175,0.45338594913482666,0.2156393975019455,0.04440449036129148,0.011328322434586322,0.011195024694028843,0.02227174478432029,0.22796475223387505,0.02588681855498518,0.006571712520976687
