,method,rmse-mean,mae-mean,nll-mean,ce-mean,rmse-std,mae-std,nll-std,ce-std
0,GROVER-none,139.59690022986808,98.64238949822236,5.493607384270567,0.012050291916242522,3.192176648043237,4.857133360565292,0.08700399645993191,0.0011846366023127645
1,GROVER-MCDropout,136.17800725064356,95.49402279675542,5.427215104472208,0.010682305925730188,2.920386306385227,4.411689416338164,0.06970476905808683,0.0013843666872446882
2,GROVER-SWAG,142.64115509068327,107.13098538946231,5.704128833964963,0.015332698545646542,1.3202926158431871,1.6573913670036045,0.1256494309385532,0.0018003678131474441
3,GROVER-BBP,199.10570490211282,163.3134012511292,5.7928346029028885,0.017255882935542834,1.2192183890751531,0.8937513574601679,0.00321939737758758,0.0012843678523657878
4,GROVER-SGLD,159.74892762063863,126.64057270438512,5.558671443744892,0.0071877748911807595,2.9838742829436042,2.886687373934654,0.030755143106333288,0.0009332963195957814
5,GROVER-DeepEnsembles,131.94111330778884,89.4503948215815,5.324100927008605,0.009033489890452742,,,,
