,method,roc-auc-mean,prc-auc-mean,ece-mean,mce-mean,nll-mean,brier-mean,roc-auc-std,prc-auc-std,ece-std,mce-std,nll-std,brier-std
0,GROVER-none,0.6587129809072169,0.34656586255406435,0.1042943284266038,0.5025329706980465,0.40912504131941363,0.12984247866625115,0.0017637224715252248,0.0011914390414469378,0.0006232663090529766,0.00431814111972063,0.0022536720352937575,0.00040378808342007074
1,GROVER-MCDropout,0.661452643374138,0.34728879781436933,0.10086198109804839,0.48802767721770707,0.40418148162199663,0.12878106238547152,0.0013917882491765276,0.0010210629893999267,0.0009733175160949658,0.0023721178122557206,0.002172725933399024,0.00044026681170698654
2,GROVER-TemperatureScaling,0.6495631747208795,0.3492961367969069,0.1423685750259713,0.5342767430293348,0.4612326072567832,0.14244620065593583,0.0023293798639909945,0.001503304305332037,0.002597877087818748,0.0011077774247854437,0.004498959696464879,0.0012687644902502967
3,GROVER-SWAG,0.6602660107307895,0.34845346575689057,0.10604503788925514,0.4981765744729283,0.41139749170896794,0.13006911667357424,0.002005573604481109,0.0013429702282425373,0.0006794900438881192,0.0054520789037708585,0.0014502571968080062,0.00010922450546889138
4,GROVER-BBP,0.5032383247647783,0.24457939716533714,0.31696121500006014,0.37348932751703784,0.6861125046438206,0.2464888028297462,0.0016504450017458888,0.0011658902979431985,0.005002584790752476,0.019975197864785386,0.006198233773374339,0.003093234373174881
5,GROVER-SGLD,0.5542167678196211,0.2663421681825561,0.2711583644887076,0.33706778077805627,0.61941082725108,0.21387709569337632,0.006876648311311246,0.0029689940772474202,0.0007792137118305242,0.005022736068710954,0.0005595662280311983,0.00028184778945553344
6,GROVER-DeepEnsembles,0.6645590988255644,0.35367540016719917,0.10340294750439782,0.49011028634888104,0.4060759519883355,0.1289787533617707,,,,,,
7,GROVER-FocalLoss,0.6358909511208971,0.3200188732363375,0.12209993127143122,0.3365181101679477,0.4364620354006199,0.13833638429119963,0.002601453047051151,0.004668670991712657,0.0005301515341689081,0.01802554152262694,0.0012075171160806457,0.00036347336423580244
