,method,roc-auc-mean,prc-auc-mean,ece-mean,mce-mean,nll-mean,roc-auc-std,prc-auc-std,ece-std,mce-std,nll-std
0,Uni-Mol-none,0.8814444096896397,0.7512462215359776,0.0521680706491073,0.5748131573200226,0.18223555634419122,0.03792837070198955,0.07781318992310715,0.012040234193548554,0.14339839754124892,0.03807838359009991
1,Uni-Mol-MCDropout,0.8744818637843349,0.7475693122127742,0.056017045552531876,0.6784605979919434,0.18891344467798868,0.043753237488438346,0.0744571395355231,0.013100420606474558,0.06972588582887289,0.040612780929002494
2,Uni-Mol-TemperatureScaling,0.8814444096896397,0.7512462215359776,0.0521680706491073,0.5748131573200226,0.18223555634419122,0.03792837070198955,0.07781318992310715,0.012040234193548554,0.14339839754124892,0.03807838359009991
3,Uni-Mol-SWAG,0.9055234073610676,0.8113377833297761,0.031096455330650013,0.5474956979354223,0.14498434464136759,0.0027041896957771356,0.011851059587594344,0.0034398617318338954,0.1844134140690919,0.003476432976125361
4,Uni-Mol-BBP,0.9256765602011144,0.8020511962467092,0.037928940107425056,0.6091176668802897,0.1467618669072787,0.028683286574396852,0.035468096734857985,0.00255607999223061,0.04432880428289948,0.004747608046131157
5,Uni-Mol-SGLD,0.8597860841761373,0.7698123206822624,0.032748693600296974,0.5906556596358618,0.16189037015040716,0.02085615268361351,0.023199695932825844,0.0028995912464151925,0.0750479516751888,0.005868855724534742
6,Uni-Mol-DeepEnsembles,0.908784276926285,0.8073186075834965,0.03890985623002052,0.5293360352516174,0.147602379322052,,,,,
7,Uni-Mol-FocalLoss,0.8835711141231943,0.7426767437279511,0.16507562870780626,0.52178555727005,0.2971513072649638,0.020205868748474482,0.03967570734625719,0.05559106538405586,0.06819624508107908,0.05866323039270166
