,method,roc-auc-mean,prc-auc-mean,ece-mean,mce-mean,nll-mean,brier-mean,roc-auc-std,prc-auc-std,ece-std,mce-std,nll-std,brier-std
0,Uni-Mol-none,0.7912718798483297,0.2900667613290345,0.01891158428043127,0.6131639083226522,0.13352054357528687,0.02725334688095569,0.00419902146762187,0.02585968239337425,0.006327616279528713,0.0967996407134533,0.022513705151324694,0.0013869047933930047
1,Uni-Mol-MCDropout,0.7857870307782434,0.2711071842474377,0.022905391020079453,0.6940245032310486,0.1557045355439186,0.029368265069944943,0.004445701558557854,0.03633507349632674,0.009129951345646954,0.13447110169370682,0.033914735602486465,0.0033228067198911295
2,Uni-Mol-TemperatureScaling,0.7912718798483297,0.2900667613290345,0.01891158428043127,0.6131639083226522,0.13352054357528687,0.02725334688095569,0.00419902146762187,0.02585968239337425,0.006327616279528713,0.0967996407134533,0.022513705151324694,0.0013869047933930047
3,Uni-Mol-SWAG,0.7786135949580589,0.25938246515747376,0.026423829918106396,0.5925833980242411,0.16763997574647269,0.02862849972354511,0.0061346927827653,0.01274655441317271,0.0015117832867509572,0.1357109127159232,0.015977272920254554,0.0010815835418821799
4,Uni-Mol-BBP,0.7781069545568666,0.2628572984329776,0.019130516486863296,0.5356112321217855,0.1428361733754476,0.02841021875336085,0.012752386938289565,0.039271505390287315,0.007104500765605916,0.028906183469644204,0.03269714132961495,0.001642870813123963
5,Uni-Mol-SGLD,0.7776634027952131,0.27634590716390955,0.02047055835525195,0.7354652682940165,0.13730239371458688,0.02626310242361771,0.012086009023716572,0.005294447371043286,0.0006205892324283458,0.1540878522869796,0.00873918163135796,0.00016477102202579387
6,Uni-Mol-DeepEnsembles,0.8020452306919794,0.32357515173458734,0.018121888861060143,0.43890807032585144,0.11807475984096527,0.026506607774919436,,,,,,
7,Uni-Mol-FocalLoss,0.7785035117196805,0.2932094154277753,0.07131418958306313,0.5115652680397034,0.15612856050332388,0.03159010839891518,0.007310293040945563,0.01956627136150073,0.025057237780520856,0.12627137646664488,0.020498105106675834,0.003214592655889603
