,method,roc-auc-mean,prc-auc-mean,ece-mean,mce-mean,nll-mean,roc-auc-std,prc-auc-std,ece-std,mce-std,nll-std
0,Uni-Mol-none,0.7894598839335393,0.42256037350486403,0.04537236667238176,0.6076975166797638,0.2600929468042321,0.0017476009964129812,0.0074158038090589755,0.005580984957344733,0.05418596618920463,0.007169498263365274
1,Uni-Mol-MCDropout,0.7890903667961334,0.42397141891033635,0.047962469436849155,0.5906381780902544,0.2628098213010364,0.0021482666970572615,0.007052903882681219,0.006567659884111905,0.05790956902599018,0.006478586416212518
2,Uni-Mol-TemperatureScaling,0.7894598839335393,0.42256037350486403,0.04537236667238176,0.6076975166797638,0.2600929468042321,0.0017476009964129812,0.0074158038090589755,0.005580984957344733,0.05418596618920463,0.007169498263365274
3,Uni-Mol-SWAG,0.7841509406678826,0.44465705771676217,0.05925461939639515,0.6684442990356022,0.299448794995745,0.004835277917594248,0.010001466300835066,0.0025002332655159917,0.00801905005229668,0.005353191059842414
4,Uni-Mol-BBP,0.7931991996036157,0.41423056243770245,0.03962018904793594,0.5426232980357276,0.25200956045753425,0.0042628519025140164,0.020190413218392596,0.0048344854324994585,0.03219892950318874,0.0038913099259929537
5,Uni-Mol-SGLD,0.7886574923856567,0.4417761288178769,0.04331595577403075,0.5786569457915093,0.25689721417923767,0.005911533314552943,0.010158326293421185,0.002314871911675455,0.020274771560421446,0.005472022940131634
6,Uni-Mol-DeepEnsembles,0.805203907085389,0.45395109707475106,0.03323416404115657,0.5241147354245186,0.2389404270797968,,,,,
7,Uni-Mol-FocalLoss,0.7903714802942375,0.4048855121455608,0.09720555020289288,0.5151891567640834,0.2899091723892424,0.004026079829946657,0.012168789824894935,0.004510156170742824,0.0071365723939313995,0.0009274762209161642
