,method,rmse-mean,mae-mean,nll-mean,ce-mean,rmse-std,mae-std,nll-std,ce-std
0,Uni-Mol-none,0.6079110996100302,0.4508560917097801,0.8975448594206413,0.0424980556031406,0.003162816834648115,0.004384254633263633,0.5565440138593807,0.006069605877831731
1,Uni-Mol-MCDropout,0.5982933525722482,0.44381847339296465,1.3662821224361235,0.04400284166407543,0.009887598939101638,0.011651496980967936,1.2187034495899232,0.008370091119598203
2,Uni-Mol-SWAG,0.6025837133331254,0.44757348317588935,1.0101047379615615,0.0452681370877839,0.000364713491627371,0.002175300824530753,0.1638770226189301,0.001171746885736476
3,Uni-Mol-BBP,0.6044192635922377,0.44685916569738443,0.06787528259866589,0.030618927286407003,0.001648979224898269,0.0024520762049788612,0.021780121961355862,0.0010478972741092653
4,Uni-Mol-SGLD,0.6039534502806466,0.4554312928877379,0.15649955743716562,0.032921455229198864,0.003128975516430718,0.004242984983030328,0.057336548193541094,0.0017338746499902177
5,Uni-Mol-DeepEnsembles,0.5808967079047171,0.4266169284570982,0.6449798478674023,0.043822160074695436,,,,
