,method,roc-auc-mean,prc-auc-mean,ece-mean,mce-mean,nll-mean,brier-mean,roc-auc-std,prc-auc-std,ece-std,mce-std,nll-std,brier-std
0,Uni-Mol-none,0.7103105709876543,0.7533868240178357,0.3311175008614858,0.7495854099591573,1.4209483464558919,0.3354236839268159,0.007540542733561389,0.01589842839730118,0.05059201685755314,0.06146251329027107,0.3000045594213232,0.03974283713626098
1,Uni-Mol-MCDropout,0.7028999485596709,0.736128645968806,0.3327697316805522,0.7794889609018961,1.4086294968922932,0.3382452340937847,0.01417645450567965,0.022270822220207483,0.04832312446974197,0.023249895082046824,0.2827849241066435,0.03720352045799403
2,Uni-Mol-TemperatureScaling,0.7103105709876543,0.7533868240178357,0.3311175008614858,0.7495854099591573,1.4209483464558919,0.3354236839268159,0.007540542733561389,0.01589842839730118,0.05059201685755314,0.06146251329027107,0.3000045594213232,0.03974283713626098
3,Uni-Mol-SWAG,0.7247460133744856,0.746095294565705,0.35471593340237934,0.7887846430142721,1.8529789447784424,0.3456369056123003,0.006193943864043185,0.032200922802501204,0.013551747729800855,0.08787457893772738,0.08238628197898977,0.007811141050937613
4,Uni-Mol-BBP,0.6901684670781894,0.7249851683849301,0.3419916133085887,0.7253208557764689,1.3548182249069214,0.346267614170137,0.028552677197951324,0.03397734774833778,0.03181471113328954,0.17993837451114852,0.07133522621903207,0.027522801045336602
5,Uni-Mol-SGLD,0.7146990740740741,0.7482156562393967,0.3336476484934489,0.7919318477312723,1.417409896850586,0.335882891459293,0.011762494508805512,0.0046834137431508585,0.012664133229175391,0.0448174879374454,0.04754844577487723,0.0058905146550394995
6,Uni-Mol-DeepEnsembles,0.7253086419753088,0.7662330004826103,0.30348560214042664,0.5102916955947876,1.0888947248458862,0.30346265552380264,,,,,,
7,Uni-Mol-FocalLoss,0.7102301954732511,0.7459111805235777,0.20312652985254923,0.5997872849305471,0.7646158536275228,0.26316979698847043,0.0044669121483946585,0.006908667688765308,0.08156339383108288,0.2384801736135831,0.09227787677385037,0.027475294464237777
