,method,rmse-mean,mae-mean,nll-mean,rmse-std,mae-std,nll-std
0,Uni-Mol-none,0.03344443175564513,0.01717196135705687,2.7758632244488095,0.000551094898536357,3.153517372011374e-05,2.997197594842282
1,Uni-Mol-MCDropout,0.033134340796962564,0.017117626090872726,0.8169818357293851,0.0005593076815654149,8.92644684329409e-05,2.822612399570342
2,Uni-Mol-SWAG,0.033767078210584646,0.017291096864241674,3.5567888548368884,0.0004315999113981295,6.099363790337755e-05,2.5309177177155506
3,Uni-Mol-BBP,0.030864482305116583,0.01639824076372003,-2.458089990983073,0.0007058776070847719,0.00017918809237582627,0.45458817986448463
4,Uni-Mol-SGLD,0.03001965148403336,0.01630035347446504,-3.239899549430818,0.00032766335403634235,0.00010421447753302133,0.09076209186345933
5,Uni-Mol-DeepEnsembles,0.033147677551514224,0.016936140231640664,-0.05409786313212992,,,
