,method,rmse-mean,mae-mean,nll-mean,ce-mean,rmse-std,mae-std,nll-std,ce-std
0,Uni-Mol-none,1.787102046919485,1.2906317594509542,2.5449634357169533,0.05209340881351519,0.12647854634875294,0.04827943521092587,1.2435369188402674,0.0017587973380975175
1,Uni-Mol-MCDropout,1.7585102680387952,1.2651511697456146,2.3425024511628334,0.05153740095836735,0.1322190554847305,0.05587282357058817,1.2327203004882397,0.001824163397554838
2,Uni-Mol-SWAG,1.8523925697740242,1.3481148152577838,2.9865313625197625,0.054485862760960395,0.14486956645259427,0.10626191574129054,1.1583201731217305,0.001295474646078933
3,Uni-Mol-BBP,1.7463646559883077,1.2424155868886295,0.9940302406498996,0.02893728117780534,0.02464129156848105,0.004914709020503845,0.006527548056551799,0.002746253230486183
4,Uni-Mol-SGLD,1.7461977132034716,1.2963108024875065,1.03577695256752,0.02963099318970723,0.09084902933839444,0.061015027741902705,0.0880745100014743,0.0047704328176429115
5,Uni-Mol-DeepEnsembles,1.6716491430222902,1.1779893580077891,1.4305551389957674,0.05035750369937659,,,,
