,method,roc-auc-mean,prc-auc-mean,ece-mean,mce-mean,nll-mean,roc-auc-std,prc-auc-std,ece-std,mce-std,nll-std
0,Uni-Mol-none,0.6213663805582598,0.6328521631918917,0.1054200197018131,0.5006662064496382,0.5047300476350902,0.007345442051038848,0.0006739349668839037,0.013018981224366332,0.059716781052153126,0.018448363847322905
1,Uni-Mol-MCDropout,0.6124548069723397,0.6359574257593529,0.12694406186310966,0.5641497803139098,0.5324299764118077,0.006003839373661879,0.00461810200856173,0.017812332935906325,0.050776612275421816,0.02698598460194538
2,Uni-Mol-TemperatureScaling,0.6210687977126211,0.6327943694251545,0.10545109540086102,0.4974419827814455,0.5049232550793223,0.007441039607770143,0.0007785292504230763,0.013328963720758027,0.05967902667512385,0.018613576403137662
3,Uni-Mol-SWAG,0.6246105883752708,0.6473900864156247,0.13270616710737898,0.5908848325043549,0.5397483832490296,0.008966582901238631,0.006421179185503392,0.008406966162268254,0.012499249789426672,0.012537197475677345
4,Uni-Mol-BBP,0.6300593815882367,0.6381548254749426,0.09907309639693042,0.41830696800240763,0.492849494756004,0.02603810089992561,0.012571174052027713,0.013046744385318904,0.07657450239624379,0.01187002775253345
5,Uni-Mol-SGLD,0.6323213800767857,0.652852352024519,0.12863598855925196,0.6236743779140123,0.5407996675298538,0.010821006661626165,0.009841662994353018,0.009333057742264072,0.04955351718465278,0.013710906693775128
6,Uni-Mol-DeepEnsembles,0.6378047325179971,0.6436745202582556,0.08719550411182421,0.43995641227121707,0.4835717981612241,,,,,
7,Uni-Mol-FocalLoss,0.6199825553458506,0.639978426819369,0.1659979641345548,0.40941312559592874,0.54707764144297,0.011823796060667888,0.005938592395808974,0.009601480294284622,0.06408955975390793,0.00899448872175331
