,method,rmse-mean,mae-mean,nll-mean,rmse-std,mae-std,nll-std
0,Uni-Mol-none,0.8529689429771782,0.6809104146729004,1.073910523081948,0.022409393711667586,0.016424894958484638,0.1136055920411633
1,Uni-Mol-MCDropout,0.8366713390337126,0.6648205506293902,1.1098205327378519,0.023672932370098893,0.0209356122233238,0.2624920474610596
2,Uni-Mol-SWAG,0.8644180998893418,0.6950489238822666,1.3867630330969603,0.009747083246498065,0.004178309600842465,0.15215128188405647
3,Uni-Mol-BBP,0.8440750304457181,0.6719053091211024,0.31505865134512606,0.033159860116490567,0.027906708300157543,0.029194203010686298
4,Uni-Mol-SGLD,0.8037381438729846,0.6444377354588937,0.2685347273355019,0.012148717151996799,0.011233701722684307,0.018724001258474513
5,Uni-Mol-DeepEnsembles,0.8181162360481559,0.6515948311183554,0.8371714822168712,,,
