,method,roc-auc-mean,prc-auc-mean,ece-mean,mce-mean,nll-mean,brier-mean,roc-auc-std,prc-auc-std,ece-std,mce-std,nll-std,brier-std
0,ChemBERTa-none,0.6614946455352315,0.2703531135673533,0.04017321139367091,0.5305855837133197,0.293387063468496,0.08262364496308196,0.0038652018594515472,0.004030475332866211,0.000792659921804574,0.03179956182766427,0.0003947295572960624,0.0001846702854481152
1,ChemBERTa-MCDropout,0.6728947736928053,0.28000543136835104,0.03151902939296431,0.4123421112178928,0.28590464529891807,0.08066390090563352,0.0048069369621286245,0.0030957391067106847,0.0016444696848534291,0.01246805963261389,0.0006727587450315337,0.00017772494132860665
2,ChemBERTa-TemperatureScaling,0.6614946455352315,0.2703531135673533,0.03071935971577962,0.5021984592700998,0.28942499785787534,0.0817461809255385,0.0038652018594515472,0.004030475332866211,0.0014996104277544779,0.008638494587665626,0.0007592699222818976,0.0001167463529157204
3,ChemBERTa-SWAG,0.6618689028416176,0.2707896365440639,0.039652544591161944,0.5183155776725874,0.29342262612448794,0.08263180846060976,0.0037829968236279656,0.0038771878864917483,0.0012351650978080944,0.037505648802491375,0.0005117672656242997,0.00020290062275222744
4,ChemBERTa-BBP,0.5426125984311382,0.12826185503490256,0.11501606377876467,0.19488046297596562,0.3629430780808131,0.10090066915436278,0.008037371810633989,0.010938560483366737,0.007868317081838569,0.02014879061573819,0.005909022280210543,0.0019198594908187603
5,ChemBERTa-SGLD,0.5062254711698083,0.10587907150642238,0.39734834598170393,0.4132701903581619,0.6902913335296844,0.2485726260434259,0.021225058465688645,0.004799873968610742,0.0005228357544820781,0.009290530486598019,0.0008143935139800634,0.0004070088654485817
6,ChemBERTa-DeepEnsembles,0.6662794840702978,0.2755053688152003,0.03829606428431968,0.503546942025423,0.2916406312336524,0.08222667410270298,,,,,,
7,ChemBERTa-FocalLoss,0.6646188497778877,0.2772019574176266,0.11825755342013307,0.44100536054207223,0.34280088916420937,0.09491071636310117,0.0025882044937072758,0.005412616459595291,0.002457580646745363,0.021038760872917023,0.0020686033572597327,0.0006945295697839063
