,method,roc-auc-mean,prc-auc-mean,ece-mean,mce-mean,nll-mean,brier-mean,roc-auc-std,prc-auc-std,ece-std,mce-std,nll-std,brier-std
0,ChemBERTa-none,0.6343835076866045,0.6332617860155322,0.29132469557225704,0.5518043239911398,0.4712854077418645,0.16180577696481047,0.28365003346105677,0.1928783039527655,0.16511166829491528,0.08415450624959403,0.25299628433618565,0.09522801642753279
1,ChemBERTa-MCDropout,0.6689014006186356,0.6401827748940568,0.2885915922621886,0.5527417113383611,0.4706246629357338,0.16122456514538866,0.2643488830292498,0.1933429408201908,0.1675463229932192,0.10044348680884538,0.24909291087954818,0.09338303335167418
2,ChemBERTa-TemperatureScaling,0.6343835076866045,0.6332617860155322,0.2389309716721376,0.6340012401342392,0.41574310635526973,0.1398170261205676,0.28365003346105677,0.1928783039527655,0.1654986995160771,0.09578748246059011,0.253281565189816,0.09636901195215715
3,ChemBERTa-SWAG,0.6910558509713969,0.6439895718023737,0.22452886775135994,0.47425130009651184,0.37277334307630855,0.11423524361000888,0.230048125467365,0.18841090851135103,0.12110016392434497,0.14858409625582714,0.18307438093577919,0.06074368669226644
4,ChemBERTa-BBP,0.7242380009036249,0.6386424808680529,0.2658886065085729,0.3060790076851845,0.45152705411116284,0.13785335638477034,0.04098298370632108,0.031776264806382445,0.10394127522979675,0.10170949531539054,0.13993934280833636,0.06382524066396515
5,ChemBERTa-SGLD,0.5488580150372456,0.5484683987543841,0.4338803340991338,0.4664355019728343,0.6898082494735718,0.24833268362844282,0.16956060219071087,0.03943881216955682,0.00316548036527865,0.02515338842093249,0.004757004526928565,0.002377636434743207
6,ChemBERTa-DeepEnsembles,0.973393459145727,0.9118508655051698,0.288515105843544,0.4632730036973953,0.4085092693567276,0.11388464681366914,,,,,,
7,ChemBERTa-FocalLoss,0.6368725309607387,0.639595793603646,0.3266775384545326,0.48009877900282544,0.5099225118756294,0.1688317384018941,0.28600561094440985,0.20099147896924177,0.11834555155461977,0.028030949907164735,0.19998972587910835,0.08585748462843314
