,method,roc-auc-mean,prc-auc-mean,ece-mean,mce-mean,nll-mean,brier-mean,roc-auc-std,prc-auc-std,ece-std,mce-std,nll-std,brier-std
0,ChemBERTa-none,0.6650752314814815,0.6859768789141008,0.10252120345830917,0.2682431141535441,0.6533642808596293,0.23084634073553809,0.0075490709603971565,0.008241961816423272,0.010273489481077761,0.06383576957752975,0.007179828843795713,0.0032941197881853337
1,ChemBERTa-MCDropout,0.6591756687242799,0.6965588487258408,0.1357778012752533,0.2817249000072479,0.6812801957130432,0.24275659907534677,0.008411442548836917,0.010919741421375048,0.01593546033476494,0.02090331526674229,0.005839303828278647,0.003029333832843932
2,ChemBERTa-TemperatureScaling,0.6650752314814815,0.6859768789141008,0.16805678606033325,0.40011096000671387,0.7365942994753519,0.2518354920249018,0.0075490709603971565,0.008241961816423272,0.01885111343580995,0.10769795560457156,0.0315122967100771,0.007252060516381549
3,ChemBERTa-SWAG,0.6650109310699588,0.6859552470277331,0.10683342814445496,0.2621886779864629,0.653652012348175,0.23096098745851212,0.007876078639140686,0.008359055268458529,0.011196168936277373,0.06521257880322844,0.00744408667339644,0.0033430609616720928
4,ChemBERTa-BBP,0.6279578189300412,0.6652145598695925,0.1684292902549108,0.26573773225148517,0.7249958515167236,0.26448557926385236,0.007427045468663708,0.016204870407521048,0.00894744525855098,0.04601410709462697,0.008192054080806279,0.003519548548669471
5,ChemBERTa-SGLD,0.48223701131687235,0.5275813541086425,0.03458995558321476,0.2943791449069977,0.694504976272583,0.2506778511397748,0.024711485561904743,0.017064176292527995,0.009070661212855014,0.10898475704568124,0.001963211063946042,0.0009799441309872768
6,ChemBERTa-DeepEnsembles,0.6544656635802469,0.6906122394304305,0.10590953379869461,0.23153060674667358,0.6538792848587036,0.23197791104948456,,,,,,
7,ChemBERTa-FocalLoss,0.6599633487654322,0.6973492406433719,0.1342392017443975,0.3229697346687317,0.6782043973604838,0.24302034449714863,0.00819016632103428,0.01160838169374711,0.0038009118345603676,0.04602402060543965,0.0016808272261252131,0.000903348491704575
