,method,rmse-mean,mae-mean,nll-mean,ce-mean,rmse-std,mae-std,nll-std,ce-std
0,ChemBERTa-none,137.8736441060154,98.5748737334787,5.4091878639959505,0.004855680576353263,2.2380383421738768,2.9617731050500735,0.018237603806300365,9.470107853001675e-05
1,ChemBERTa-MCDropout,133.8345061521722,97.7797987085283,5.404940562419555,0.0027592722134876404,1.832721882037334,2.3986105438308822,0.011737848312171808,0.00014858906670944187
2,ChemBERTa-SWAG,138.24707541775456,99.01680445230805,5.410716903121131,0.004780840072846594,2.2019799139524427,2.7806061055885425,0.017716395122184203,8.758021002189552e-05
3,ChemBERTa-BBP,141.0032511860985,104.83844085592789,5.463482370778423,0.002626947752700145,1.2989976825152756,1.5365843821184328,0.010004828794436234,0.0005333100288986237
4,ChemBERTa-SGLD,202.51626088866087,165.57557213868242,5.81307638211613,0.02078611791869205,1.4235373780047997,1.1589358935758654,0.008709008830871234,0.0014831309803176168
5,ChemBERTa-DeepEnsembles,136.67473099251976,97.24050586515351,5.406577655526531,0.004493337086915149,,,,
