,method,rmse-mean,mae-mean,nll-mean,ce-mean,rmse-std,mae-std,nll-std,ce-std
0,ChemBERTa-none,3.7563656346890433,2.7932641416218105,2.030345266830716,0.03784214801560463,0.05197345442518209,0.07695127809137772,0.08277274047045773,0.007836077887308193
1,ChemBERTa-MCDropout,3.7860993515548516,2.8492690757228902,2.0393107382054776,0.04287100874275251,0.054150732351785136,0.08007494033394469,0.07728851566919495,0.006546783608191198
2,ChemBERTa-SWAG,3.7628815169500833,2.8016732476454114,2.0519795695104,0.039457961506827184,0.029696257467531777,0.0562750799260143,0.06793382038032296,0.00618894997671069
3,ChemBERTa-BBP,4.582200690556206,3.492061002303487,2.3842508442618193,0.06690761466531774,0.044423761022224485,0.06360770555109754,0.05065536616336589,0.003654704514986537
4,ChemBERTa-SGLD,4.399573104724481,3.313218581905677,2.3018103308195834,0.05462521853809973,0.12483679913865206,0.13165027064415774,0.11131126585320614,0.008767826147542164
5,ChemBERTa-DeepEnsembles,3.7093621119334066,2.730943560730955,2.001239822455519,0.03699352521565107,,,,
