,method,roc-auc-mean,prc-auc-mean,ece-mean,mce-mean,nll-mean,brier-mean,roc-auc-std,prc-auc-std,ece-std,mce-std,nll-std,brier-std
0,GROVER-none,0.608764146090535,0.6303980546125267,0.30476035674413043,0.6479214827219645,0.9424194892247518,0.33030638380443617,0.012370353081333775,0.014070241984163113,0.007075658715416243,0.061744934822433706,0.002732915836504288,0.0023522226568745527
1,GROVER-MCDropout,0.6088927469135802,0.629439250573247,0.30727869272232056,0.6379231214523315,0.9372238516807556,0.32966402751837404,0.013503775335159727,0.017612321103694695,0.01143242116035232,0.06431160101471697,0.0028091157339707983,0.002080264826179225
2,GROVER-TemperatureScaling,0.6083461934156378,0.6301062623488173,0.2738482455412547,0.6579320828119913,0.8674354354540507,0.3119449843601932,0.012245894783627616,0.013909134901981588,0.007316804759502389,0.05760766387984642,0.002216312955774532,0.001880579631153715
3,GROVER-SWAG,0.6178626543209876,0.6466795449855894,0.30872435371081036,0.5874679088592529,0.9423708120981852,0.3300114261752539,0.011239152786235078,0.010732636659374415,0.0037709495196449143,0.12260752839020989,0.004234647735555532,0.00219601365878307
4,GROVER-BBP,0.6095679012345678,0.6339672586594873,0.3023289740085602,0.6265892585118612,0.9210877815882365,0.3270676523104659,0.006853199276413324,0.007859343562080791,0.006528399147461489,0.01404154373628147,0.003828435347140095,0.0011676086675914208
5,GROVER-SGLD,0.4628022119341564,0.5200256332254899,0.0685305738200744,0.19839292764663696,0.6979354421297709,0.2522981633239101,0.06822335780950835,0.04312052196294399,0.030554049306085275,0.09458039584409639,0.010847805414119819,0.0052800100955936406
6,GROVER-DeepEnsembles,0.6107253086419753,0.6335080294212294,0.29816174507141113,0.709304690361023,0.9338126182556152,0.32848697762377205,,,,,,
7,GROVER-FocalLoss,0.5979295267489713,0.6196750194055095,0.0866764485836029,0.5220327973365784,0.6872217655181885,0.24692893827952975,0.01669540095055129,0.023631078341236685,0.023443477979423675,0.160205683873961,0.007127224962606144,0.0033959696137648575
