,method,rmse-mean,mae-mean,nll-mean,ce-mean,rmse-std,mae-std,nll-std,ce-std
0,GROVER-none,134.44057590181967,95.59967253997968,5.4076942984207905,0.005835108193122191,3.790114694993903,4.331335111342968,0.0716875240285885,0.0022724447346996754
1,GROVER-MCDropout,131.76375295627528,93.2436358852737,5.400482506220371,0.004199537231310428,3.5590988590298425,4.3577936557969705,0.07609742004488466,0.0020636368400896105
2,GROVER-SWAG,130.2655717437913,92.1086232788435,5.366982556889117,0.004688366971637692,2.224557223220823,3.1536932390655212,0.04462022222576753,0.0015086277290320574
3,GROVER-BBP,137.96431945024403,100.58293550021813,5.833186073884826,0.005491307069264793,6.460271791357419,7.789801385901862,0.13215486187247893,0.0029746203939640895
4,GROVER-SGLD,191.38843748968205,154.44540030743678,5.84875754970314,0.0158023519835286,3.434162765861569,1.8662479892481918,0.02271057792614029,0.0033364370568446803
5,GROVER-DeepEnsembles,130.97731961364144,93.30815858692073,5.402651402473298,0.005127601896461366,,,,
